"fecha_inicio","fecha_final","departamento","municipio","tipo_tecnologia","gm","dm","cm","id_empresa","empresa","ano_repor","cod_periodo"
"2023-01-01T00:00:00.000","2023-01-31T00:00:00.000","5","837","1","1420.16","33.62","65.18","22941","EMPRESA DE SERVICIOS PUBLICOS DOMICILIARIOS DE UNGUIA SA ESP","2023","1"
"2023-02-01T00:00:00.000","2023-02-28T00:00:00.000","5","837","1","1421.76","33.7","66.34","22941","EMPRESA DE SERVICIOS PUBLICOS DOMICILIARIOS DE UNGUIA SA ESP","2023","2"
"2023-03-01T00:00:00.000","2023-03-31T00:00:00.000","5","837","1","1417.25","34.09","64.5","22941","EMPRESA DE SERVICIOS PUBLICOS DOMICILIARIOS DE UNGUIA SA ESP","2023","3"
"2023-04-01T00:00:00.000","2023-04-30T00:00:00.000","5","837","1","1393.76","29.96","68.15","22941","EMPRESA DE SERVICIOS PUBLICOS DOMICILIARIOS DE UNGUIA SA ESP","2023","4"
"2023-05-01T00:00:00.000","2023-05-31T00:00:00.000","5","837","1","1417.48","29.64","68.68","22941","EMPRESA DE SERVICIOS PUBLICOS DOMICILIARIOS DE UNGUIA SA ESP","2023","5"
"2023-06-01T00:00:00.000","2023-06-30T00:00:00.000","5","837","1","1412.38","29.35","68.98","22941","EMPRESA DE SERVICIOS PUBLICOS DOMICILIARIOS DE UNGUIA SA ESP","2023","6"
"2023-01-01T00:00:00.000","2023-01-31T00:00:00.000","5","873","1","1472.65","176.04","118.23","1930","EMPRESA MUNICIPAL DE SERVICIOS PUBLICOS DOMICILIARIOS DE VIGIA DEL FUERTE","2023","1"
"2023-02-01T00:00:00.000","2023-02-28T00:00:00.000","5","873","1","1474.94","179.35","120.33","1930","EMPRESA MUNICIPAL DE SERVICIOS PUBLICOS DOMICILIARIOS DE VIGIA DEL FUERTE","2023","2"
"2023-03-01T00:00:00.000","2023-03-31T00:00:00.000","5","873","1","1479.01","181.63","122.33","1930","EMPRESA MUNICIPAL DE SERVICIOS PUBLICOS DOMICILIARIOS DE VIGIA DEL FUERTE","2023","3"
"2023-04-01T00:00:00.000","2023-04-30T00:00:00.000","5","873","1","1486.9","181.4","123.61","1930","EMPRESA MUNICIPAL DE SERVICIOS PUBLICOS DOMICILIARIOS DE VIGIA DEL FUERTE","2023","4"
"2023-05-01T00:00:00.000","2023-05-31T00:00:00.000","5","873","1","1480.69","179.46","124.58","1930","EMPRESA MUNICIPAL DE SERVICIOS PUBLICOS DOMICILIARIOS DE VIGIA DEL FUERTE","2023","5"
"2023-06-01T00:00:00.000","2023-06-30T00:00:00.000","5","873","1","1489.36","177.66","125.12","1930","EMPRESA MUNICIPAL DE SERVICIOS PUBLICOS DOMICILIARIOS DE VIGIA DEL FUERTE","2023","6"
"2023-01-01T00:00:00.000","2023-01-31T00:00:00.000","13","1","1","1402.04","146.29","74.26","20432","ELECTRIFICADORA DEL PACIFICO S.A. E.S.P.","2023","1"
"2023-01-01T00:00:00.000","2023-01-31T00:00:00.000","13","1","1","897.77","29.08","52.6","48907","SOLING DEL SINU S.A.S. E.S.P.","2023","1"
"2023-02-01T00:00:00.000","2023-02-28T00:00:00.000","13","1","1","880.69","29.63","101.14","48907","SOLING DEL SINU S.A.S. E.S.P.","2023","2"
"2023-02-01T00:00:00.000","2023-02-28T00:00:00.000","13","1","1","1393.46","146.67","75.56","20432","ELECTRIFICADORA DEL PACIFICO S.A. E.S.P.","2023","2"
"2023-03-01T00:00:00.000","2023-03-31T00:00:00.000","13","1","1","1373.46","146.67","75.56","20432","ELECTRIFICADORA DEL PACIFICO S.A. E.S.P.","2023","3"
"2023-03-01T00:00:00.000","2023-03-31T00:00:00.000","13","1","1","878.04","29.97","104.64","48907","SOLING DEL SINU S.A.S. E.S.P.","2023","3"
"2023-04-01T00:00:00.000","2023-04-30T00:00:00.000","13","1","1","1192.32","130.4","82.21","20432","ELECTRIFICADORA DEL PACIFICO S.A. E.S.P.","2023","4"
"2023-01-01T00:00:00.000","2023-01-31T00:00:00.000","18","150","1","1245.7484","94.402","122.1378","22791","GENDECAR S.A. E.S.P.","2023","1"
"2023-02-01T00:00:00.000","2023-02-28T00:00:00.000","18","150","1","1222.9704","87.1644","124.3086","22791","GENDECAR S.A. E.S.P.","2023","2"
"2023-03-01T00:00:00.000","2023-03-31T00:00:00.000","18","150","1","1233.7006","93.9836","126.3728","22791","GENDECAR S.A. E.S.P.","2023","3"
"2023-04-01T00:00:00.000","2023-04-30T00:00:00.000","18","150","1","1329.1576","106.0831","127.7006","22791","GENDECAR S.A. E.S.P.","2023","4"
"2023-05-01T00:00:00.000","2023-05-31T00:00:00.000","18","150","1","1329.8387","104.9889","128.6988","22791","GENDECAR S.A. E.S.P.","2023","5"
"2023-06-01T00:00:00.000","2023-06-30T00:00:00.000","18","150","1","1362.9742","117.5594","129.2609","22791","GENDECAR S.A. E.S.P.","2023","6"
"2023-01-01T00:00:00.000","2023-01-31T00:00:00.000","18","753","1","1499.0823","179.7358","137.4374","22791","GENDECAR S.A. E.S.P.","2023","1"
"2023-02-01T00:00:00.000","2023-02-28T00:00:00.000","18","753","1","1491.5999","183.1088","139.8801","22791","GENDECAR S.A. E.S.P.","2023","2"
"2023-03-01T00:00:00.000","2023-03-31T00:00:00.000","18","753","1","1490.5221","185.2347","142.2029","22791","GENDECAR S.A. E.S.P.","2023","3"
"2023-04-01T00:00:00.000","2023-04-30T00:00:00.000","18","753","1","1518.8457","185.2041","143.6967","22791","GENDECAR S.A. E.S.P.","2023","4"
"2023-05-01T00:00:00.000","2023-05-31T00:00:00.000","18","753","1","1519.8167","183.2211","144.8199","22791","GENDECAR S.A. E.S.P.","2023","5"
"2023-06-01T00:00:00.000","2023-06-30T00:00:00.000","18","753","1","1514.6202","181.6267","145.4524","22791","GENDECAR S.A. E.S.P.","2023","6"
"2023-01-01T00:00:00.000","2023-01-31T00:00:00.000","18","756","1","1808.733","179.7358","176.4587","22791","GENDECAR S.A. E.S.P.","2023","1"
"2023-02-01T00:00:00.000","2023-02-28T00:00:00.000","18","756","1","1812.8382","183.1088","179.595","22791","GENDECAR S.A. E.S.P.","2023","2"
"2023-03-01T00:00:00.000","2023-03-31T00:00:00.000","18","756","1","1820.9872","185.2347","182.5773","22791","GENDECAR S.A. E.S.P.","2023","3"
"2023-04-01T00:00:00.000","2023-04-30T00:00:00.000","18","756","1","1853.4423","185.2041","184.4949","22791","GENDECAR S.A. E.S.P.","2023","4"
"2023-05-01T00:00:00.000","2023-05-31T00:00:00.000","18","756","1","1847.1019","183.2211","185.9371","22791","GENDECAR S.A. E.S.P.","2023","5"
"2023-06-01T00:00:00.000","2023-06-30T00:00:00.000","18","756","1","1841.5959","181.6267","186.7491","22791","GENDECAR S.A. E.S.P.","2023","6"
"2023-01-01T00:00:00.000","2023-01-31T00:00:00.000","19","318","1","1705.17","210.35","143.52","1892","EMPRESA DE  ENERGÍA  DE GUAPI  S.A. E.S.P.","2023","1"
"2023-02-01T00:00:00.000","2023-02-28T00:00:00.000","19","318","1","1685.43","211.48","146.64","1892","EMPRESA DE  ENERGÍA  DE GUAPI  S.A. E.S.P.","2023","2"
"2023-03-01T00:00:00.000","2023-03-31T00:00:00.000","19","318","1","1697.94","213.86","148.49","1892","EMPRESA DE  ENERGÍA  DE GUAPI  S.A. E.S.P.","2023","3"
"2023-04-01T00:00:00.000","2023-04-30T00:00:00.000","19","318","1","1711.19","210.7","150.05","1892","EMPRESA DE  ENERGÍA  DE GUAPI  S.A. E.S.P.","2023","4"
"2023-05-01T00:00:00.000","2023-05-31T00:00:00.000","19","318","1","1713.16","208.84","151.23","1892","EMPRESA DE  ENERGÍA  DE GUAPI  S.A. E.S.P.","2023","5"
"2023-06-01T00:00:00.000","2023-06-30T00:00:00.000","19","318","1","1698.47","204.12","151.89","1892","EMPRESA DE  ENERGÍA  DE GUAPI  S.A. E.S.P.","2023","6"
"2023-01-01T00:00:00.000","2023-01-31T00:00:00.000","19","418","1","1640.89","179.74","138.79","55927","EMPRESA PRESTADORA DE SERVICIOS PUBLICOS DE ACUEDUCTO  ALCANTARILLADO  ASEO  ENERGIA  TECNOLOGIAS DE LA INFORMACION Y COMUNICACIONES DE OCCIDENTE SAS","2023","1"
"2023-01-01T00:00:00.000","2023-01-31T00:00:00.000","19","418","1","1252.83","115.65","289.71","21597","COOPERATIVA DE SERVICIOS PÚBLICOS DE LÓPEZ DE MICAY","2023","1"
"2023-01-01T00:00:00.000","2023-01-31T00:00:00.000","19","418","1","1514.43","193.42","125.38","26717","EMPRESA DE SERVICIOS PUBLICOS DEL OCCIDENTE COLOMBIANO S.A.","2023","1"
"2023-01-01T00:00:00.000","2023-01-31T00:00:00.000","19","418","1","1335.69","154.31","106.51","28111","EMPRESA DE SERVICIOS PUBLICOS DE ENERGIA ELECTRICA DEL CAUCA","2023","1"
"2023-02-01T00:00:00.000","2023-02-28T00:00:00.000","19","418","1","1640.43","183.11","141.26","55927","EMPRESA PRESTADORA DE SERVICIOS PUBLICOS DE ACUEDUCTO  ALCANTARILLADO  ASEO  ENERGIA  TECNOLOGIAS DE LA INFORMACION Y COMUNICACIONES DE OCCIDENTE SAS","2023","2"
"2023-02-01T00:00:00.000","2023-02-28T00:00:00.000","19","418","1","1258.49","121.91","294.86","21597","COOPERATIVA DE SERVICIOS PÚBLICOS DE LÓPEZ DE MICAY","2023","2"
"2023-02-01T00:00:00.000","2023-02-28T00:00:00.000","19","418","1","1385.06","171.1","108.4","28111","EMPRESA DE SERVICIOS PUBLICOS DE ENERGIA ELECTRICA DEL CAUCA","2023","2"
"2023-02-01T00:00:00.000","2023-02-28T00:00:00.000","19","418","1","1500.43","194.21","127.61","26717","EMPRESA DE SERVICIOS PUBLICOS DEL OCCIDENTE COLOMBIANO S.A.","2023","2"
"2023-03-01T00:00:00.000","2023-03-31T00:00:00.000","19","418","1","1386.88","173.38","110.2","28111","EMPRESA DE SERVICIOS PUBLICOS DE ENERGIA ELECTRICA DEL CAUCA","2023","3"
"2023-03-01T00:00:00.000","2023-03-31T00:00:00.000","19","418","1","1509.67","196.55","129.73","26717","EMPRESA DE SERVICIOS PUBLICOS DEL OCCIDENTE COLOMBIANO S.A.","2023","3"
"2023-03-01T00:00:00.000","2023-03-31T00:00:00.000","19","418","1","1240.84","118.61","299.75","21597","COOPERATIVA DE SERVICIOS PÚBLICOS DE LÓPEZ DE MICAY","2023","3"
"2023-03-01T00:00:00.000","2023-03-31T00:00:00.000","19","418","1","1648.07","185.23","143.61","55927","EMPRESA PRESTADORA DE SERVICIOS PUBLICOS DE ACUEDUCTO  ALCANTARILLADO  ASEO  ENERGIA  TECNOLOGIAS DE LA INFORMACION Y COMUNICACIONES DE OCCIDENTE SAS","2023","3"
"2023-04-01T00:00:00.000","2023-04-30T00:00:00.000","19","418","1","1650.21","185.2","145.11","55927","EMPRESA PRESTADORA DE SERVICIOS PUBLICOS DE ACUEDUCTO  ALCANTARILLADO  ASEO  ENERGIA  TECNOLOGIAS DE LA INFORMACION Y COMUNICACIONES DE OCCIDENTE SAS","2023","4"
"2023-04-01T00:00:00.000","2023-04-30T00:00:00.000","19","418","1","1501.57","194.17","131.09","26717","EMPRESA DE SERVICIOS PUBLICOS DEL OCCIDENTE COLOMBIANO S.A.","2023","4"
"2023-04-01T00:00:00.000","2023-04-30T00:00:00.000","19","418","1","1237.8","122.76","302.9","21597","COOPERATIVA DE SERVICIOS PÚBLICOS DE LÓPEZ DE MICAY","2023","4"
"2023-04-01T00:00:00.000","2023-04-30T00:00:00.000","19","418","1","1307.0","149.47","111.36","28111","EMPRESA DE SERVICIOS PUBLICOS DE ENERGIA ELECTRICA DEL CAUCA","2023","4"
"2023-05-01T00:00:00.000","2023-05-31T00:00:00.000","19","418","1","1323.95","150.33","112.23","28111","EMPRESA DE SERVICIOS PUBLICOS DE ENERGIA ELECTRICA DEL CAUCA","2023","5"
"2023-05-01T00:00:00.000","2023-05-31T00:00:00.000","19","418","1","1644.9","183.22","146.25","55927","EMPRESA PRESTADORA DE SERVICIOS PUBLICOS DE ACUEDUCTO  ALCANTARILLADO  ASEO  ENERGIA  TECNOLOGIAS DE LA INFORMACION Y COMUNICACIONES DE OCCIDENTE SAS","2023","5"
"2023-05-01T00:00:00.000","2023-05-31T00:00:00.000","19","418","1","1268.96","125.58","305.27","21597","COOPERATIVA DE SERVICIOS PÚBLICOS DE LÓPEZ DE MICAY","2023","5"
"2023-05-01T00:00:00.000","2023-05-31T00:00:00.000","19","418","1","1505.82","190.24","132.12","26717","EMPRESA DE SERVICIOS PUBLICOS DEL OCCIDENTE COLOMBIANO S.A.","2023","5"
"2023-06-01T00:00:00.000","2023-06-30T00:00:00.000","19","418","1","1320.67","146.01","112.72","28111","EMPRESA DE SERVICIOS PUBLICOS DE ENERGIA ELECTRICA DEL CAUCA","2023","6"
"2023-06-01T00:00:00.000","2023-06-30T00:00:00.000","19","418","1","1661.57","181.39","146.89","55927","EMPRESA PRESTADORA DE SERVICIOS PUBLICOS DE ACUEDUCTO  ALCANTARILLADO  ASEO  ENERGIA  TECNOLOGIAS DE LA INFORMACION Y COMUNICACIONES DE OCCIDENTE SAS","2023","6"
"2023-06-01T00:00:00.000","2023-06-30T00:00:00.000","19","418","1","1503.17","187.06","132.69","26717","EMPRESA DE SERVICIOS PUBLICOS DEL OCCIDENTE COLOMBIANO S.A.","2023","6"
"2023-06-01T00:00:00.000","2023-06-30T00:00:00.000","19","418","1","1269.17","121.69","306.6","21597","COOPERATIVA DE SERVICIOS PÚBLICOS DE LÓPEZ DE MICAY","2023","6"
"2023-01-01T00:00:00.000","2023-01-31T00:00:00.000","19","809","1","1514.43","193.42","125.38","26717","EMPRESA DE SERVICIOS PUBLICOS DEL OCCIDENTE COLOMBIANO S.A.","2023","1"
"2023-01-01T00:00:00.000","2023-01-31T00:00:00.000","19","809","1","1335.69","154.31","106.51","28111","EMPRESA DE SERVICIOS PUBLICOS DE ENERGIA ELECTRICA DEL CAUCA","2023","1"
"2023-02-01T00:00:00.000","2023-02-28T00:00:00.000","19","809","1","1385.06","171.1","108.4","28111","EMPRESA DE SERVICIOS PUBLICOS DE ENERGIA ELECTRICA DEL CAUCA","2023","2"
"2023-02-01T00:00:00.000","2023-02-28T00:00:00.000","19","809","1","1500.43","194.21","127.61","26717","EMPRESA DE SERVICIOS PUBLICOS DEL OCCIDENTE COLOMBIANO S.A.","2023","2"
"2023-03-01T00:00:00.000","2023-03-31T00:00:00.000","19","809","1","1509.67","196.55","129.73","26717","EMPRESA DE SERVICIOS PUBLICOS DEL OCCIDENTE COLOMBIANO S.A.","2023","3"
"2023-03-01T00:00:00.000","2023-03-31T00:00:00.000","19","809","1","1386.88","173.38","110.2","28111","EMPRESA DE SERVICIOS PUBLICOS DE ENERGIA ELECTRICA DEL CAUCA","2023","3"
"2023-04-01T00:00:00.000","2023-04-30T00:00:00.000","19","809","1","1307.0","149.47","111.36","28111","EMPRESA DE SERVICIOS PUBLICOS DE ENERGIA ELECTRICA DEL CAUCA","2023","4"
"2023-04-01T00:00:00.000","2023-04-30T00:00:00.000","19","809","1","1501.57","194.12","131.09","26717","EMPRESA DE SERVICIOS PUBLICOS DEL OCCIDENTE COLOMBIANO S.A.","2023","4"
"2023-05-01T00:00:00.000","2023-05-31T00:00:00.000","19","809","1","1505.82","190.24","132.12","26717","EMPRESA DE SERVICIOS PUBLICOS DEL OCCIDENTE COLOMBIANO S.A.","2023","5"
"2023-05-01T00:00:00.000","2023-05-31T00:00:00.000","19","809","1","1323.95","150.33","112.23","28111","EMPRESA DE SERVICIOS PUBLICOS DE ENERGIA ELECTRICA DEL CAUCA","2023","5"
"2023-06-01T00:00:00.000","2023-06-30T00:00:00.000","19","809","1","1503.17","187.06","132.69","26717","EMPRESA DE SERVICIOS PUBLICOS DEL OCCIDENTE COLOMBIANO S.A.","2023","6"
"2023-06-01T00:00:00.000","2023-06-30T00:00:00.000","19","809","1","1320.67","146.01","112.72","28111","EMPRESA DE SERVICIOS PUBLICOS DE ENERGIA ELECTRICA DEL CAUCA","2023","6"
"2023-01-01T00:00:00.000","2023-01-31T00:00:00.000","27","1","1","1472.65","176.04","118.23","1930","EMPRESA MUNICIPAL DE SERVICIOS PUBLICOS DOMICILIARIOS DE VIGIA DEL FUERTE","2023","1"
"2023-02-01T00:00:00.000","2023-02-28T00:00:00.000","27","1","1","1474.94","179.35","120.33","1930","EMPRESA MUNICIPAL DE SERVICIOS PUBLICOS DOMICILIARIOS DE VIGIA DEL FUERTE","2023","2"
"2023-03-01T00:00:00.000","2023-03-31T00:00:00.000","27","1","1","1479.01","181.63","122.33","1930","EMPRESA MUNICIPAL DE SERVICIOS PUBLICOS DOMICILIARIOS DE VIGIA DEL FUERTE","2023","3"
"2023-04-01T00:00:00.000","2023-04-30T00:00:00.000","27","1","1","1486.9","181.4","123.61","1930","EMPRESA MUNICIPAL DE SERVICIOS PUBLICOS DOMICILIARIOS DE VIGIA DEL FUERTE","2023","4"
"2023-05-01T00:00:00.000","2023-05-31T00:00:00.000","27","1","1","1480.69","179.46","124.58","1930","EMPRESA MUNICIPAL DE SERVICIOS PUBLICOS DOMICILIARIOS DE VIGIA DEL FUERTE","2023","5"
"2023-06-01T00:00:00.000","2023-06-30T00:00:00.000","27","1","1","1489.36","177.66","125.12","1930","EMPRESA MUNICIPAL DE SERVICIOS PUBLICOS DOMICILIARIOS DE VIGIA DEL FUERTE","2023","6"
"2023-01-01T00:00:00.000","2023-01-31T00:00:00.000","27","6","1","1223.3285","33.2248","50.3757","1895","EMPRESA DE SERVICOS PUBLICOS DE ACANDI S.A E.S.P.","2023","1"
"2023-01-01T00:00:00.000","2023-01-31T00:00:00.000","27","6","1","1078.47","96.8","42.45","2080","JUNTA ADMINISTRADORA DE SERVICIOS PÚBLICOS  DE  CAPURGANA","2023","1"
"2023-02-01T00:00:00.000","2023-02-28T00:00:00.000","27","6","1","1091.52","98.22","43.21","2080","JUNTA ADMINISTRADORA DE SERVICIOS PÚBLICOS  DE  CAPURGANA","2023","2"
"2023-02-01T00:00:00.000","2023-02-28T00:00:00.000","27","6","1","1232.1123","31.3254","51.271","1895","EMPRESA DE SERVICOS PUBLICOS DE ACANDI S.A E.S.P.","2023","2"
"2023-03-01T00:00:00.000","2023-03-31T00:00:00.000","27","6","1","1236.5686","32.6584","52.1224","1895","EMPRESA DE SERVICOS PUBLICOS DE ACANDI S.A E.S.P.","2023","3"
"2023-03-01T00:00:00.000","2023-03-31T00:00:00.000","27","6","1","1080.94","99.69","42.82","2080","JUNTA ADMINISTRADORA DE SERVICIOS PÚBLICOS  DE  CAPURGANA","2023","3"
"2023-04-01T00:00:00.000","2023-04-30T00:00:00.000","27","6","1","1207.92","99.65","44.77","2080","JUNTA ADMINISTRADORA DE SERVICIOS PÚBLICOS  DE  CAPURGANA","2023","4"
"2023-04-01T00:00:00.000","2023-04-30T00:00:00.000","27","6","1","1184.4397","33.8431","50.3956","1895","EMPRESA DE SERVICOS PUBLICOS DE ACANDI S.A E.S.P.","2023","4"
"2023-05-01T00:00:00.000","2023-05-31T00:00:00.000","27","6","1","1156.9457","33.5896","50.7895","1895","EMPRESA DE SERVICOS PUBLICOS DE ACANDI S.A E.S.P.","2023","5"
"2023-05-01T00:00:00.000","2023-05-31T00:00:00.000","27","6","1","1221.96","98.49","45.12","2080","JUNTA ADMINISTRADORA DE SERVICIOS PÚBLICOS  DE  CAPURGANA","2023","5"
"2023-06-01T00:00:00.000","2023-06-30T00:00:00.000","27","6","1","1038.0512","32.9712","51.0113","1895","EMPRESA DE SERVICOS PUBLICOS DE ACANDI S.A E.S.P.","2023","6"
"2023-06-01T00:00:00.000","2023-06-30T00:00:00.000","27","6","1","1149.9","88.65","45.32","2080","JUNTA ADMINISTRADORA DE SERVICIOS PÚBLICOS  DE  CAPURGANA","2023","6"
"2023-01-01T00:00:00.000","2023-01-31T00:00:00.000","27","25","1","1271.193","25.8483","129.871","32194","EMPRESA DE SERVICIOS PUBLICOS DEL ALTO BAUDO E.S.P. S.A.S.","2023","1"
"2023-02-01T00:00:00.000","2023-02-28T00:00:00.000","27","25","1","1254.8948","26.3334","132.1792","32194","EMPRESA DE SERVICIOS PUBLICOS DEL ALTO BAUDO E.S.P. S.A.S.","2023","2"
"2023-03-01T00:00:00.000","2023-03-31T00:00:00.000","27","25","1","1286.4483","26.6391","134.3741","32194","EMPRESA DE SERVICIOS PUBLICOS DEL ALTO BAUDO E.S.P. S.A.S.","2023","3"
"2023-04-01T00:00:00.000","2023-04-30T00:00:00.000","27","25","1","1360.6558","185.2041","135.7859","32194","EMPRESA DE SERVICIOS PUBLICOS DEL ALTO BAUDO E.S.P. S.A.S.","2023","4"
"2023-05-01T00:00:00.000","2023-05-31T00:00:00.000","27","25","1","1370.1098","183.2211","136.8473","32194","EMPRESA DE SERVICIOS PUBLICOS DEL ALTO BAUDO E.S.P. S.A.S.","2023","5"
"2023-06-01T00:00:00.000","2023-06-30T00:00:00.000","27","25","1","1380.2023","181.6267","137.445","32194","EMPRESA DE SERVICIOS PUBLICOS DEL ALTO BAUDO E.S.P. S.A.S.","2023","6"
"2023-01-01T00:00:00.000","2023-01-31T00:00:00.000","27","73","1","1099.27","25.85","136.8","50543","EAT ELECTRIFICADORA DE LA ZONA URBANA Y RURAL DE CHOCO","2023","1"
"2023-02-01T00:00:00.000","2023-02-28T00:00:00.000","27","73","1","1072.67","26.33","139.23","50543","EAT ELECTRIFICADORA DE LA ZONA URBANA Y RURAL DE CHOCO","2023","2"
"2023-03-01T00:00:00.000","2023-03-31T00:00:00.000","27","73","1","1078.75","26.64","141.54","50543","EAT ELECTRIFICADORA DE LA ZONA URBANA Y RURAL DE CHOCO","2023","3"
"2023-04-01T00:00:00.000","2023-04-30T00:00:00.000","27","73","1","1086.1","26.63","143.03","50543","EAT ELECTRIFICADORA DE LA ZONA URBANA Y RURAL DE CHOCO","2023","4"
"2023-05-01T00:00:00.000","2023-05-31T00:00:00.000","27","73","1","1101.25","26.35","144.14","50543","EAT ELECTRIFICADORA DE LA ZONA URBANA Y RURAL DE CHOCO","2023","5"
"2023-06-01T00:00:00.000","2023-06-30T00:00:00.000","27","73","1","1112.0","26.09","144.77","50543","EAT ELECTRIFICADORA DE LA ZONA URBANA Y RURAL DE CHOCO","2023","6"
"2023-01-01T00:00:00.000","2023-01-31T00:00:00.000","27","77","1","1212.78","239.71","80.28","1811","E. S. P. DE ENERGIA ELECTRICA DE BAJO BAUDO PIZARRO S.A.","2023","1"
"2023-01-01T00:00:00.000","2023-01-31T00:00:00.000","27","77","1","1084.54","40.15","112.53","43836","EMPRESA DE SERVICIOS PÚBLICOS DE ENERGÍA LIMPIA DE COLOMBIA ENERLIMPIA S.A. E.S.P.","2023","1"
"2023-01-01T00:00:00.000","2023-01-31T00:00:00.000","27","77","1","1345.36","25.85","212.93","37953","Prestadora de Servicios Públicos y Energía en ZOnas No Conectadas ESP SAS","2023","1"
"2023-01-01T00:00:00.000","2023-01-31T00:00:00.000","27","77","1","1569.6459","179.7358","126.572","37735","ENERPACIFIC S.A.S. E.S.P.","2023","1"
"2023-02-01T00:00:00.000","2023-02-28T00:00:00.000","27","77","1","1072.56","42.91","114.98","43836","EMPRESA DE SERVICIOS PÚBLICOS DE ENERGÍA LIMPIA DE COLOMBIA ENERLIMPIA S.A. E.S.P.","2023","2"
"2023-02-01T00:00:00.000","2023-02-28T00:00:00.000","27","77","1","1576.9517","183.1088","128.8216","37735","ENERPACIFIC S.A.S. E.S.P.","2023","2"
"2023-02-01T00:00:00.000","2023-02-28T00:00:00.000","27","77","1","1340.65","26.33","216.47","37953","Prestadora de Servicios Públicos y Energía en ZOnas No Conectadas ESP SAS","2023","2"
"2023-02-01T00:00:00.000","2023-02-28T00:00:00.000","27","77","1","1205.5","239.79","81.7","1811","E. S. P. DE ENERGIA ELECTRICA DE BAJO BAUDO PIZARRO S.A.","2023","2"
"2023-03-01T00:00:00.000","2023-03-31T00:00:00.000","27","77","1","1343.38","26.64","218.74","37953","Prestadora de Servicios Públicos y Energía en ZOnas No Conectadas ESP SAS","2023","3"
"2023-03-01T00:00:00.000","2023-03-31T00:00:00.000","27","77","1","1582.4243","185.2347","130.9608","37735","ENERPACIFIC S.A.S. E.S.P.","2023","3"
"2023-03-01T00:00:00.000","2023-03-31T00:00:00.000","27","77","1","1211.2","242.52","83.06","1811","E. S. P. DE ENERGIA ELECTRICA DE BAJO BAUDO PIZARRO S.A.","2023","3"
"2023-03-01T00:00:00.000","2023-03-31T00:00:00.000","27","77","1","1070.47","40.71","116.43","43836","EMPRESA DE SERVICIOS PÚBLICOS DE ENERGÍA LIMPIA DE COLOMBIA ENERLIMPIA S.A. E.S.P.","2023","3"
"2023-04-01T00:00:00.000","2023-04-30T00:00:00.000","27","77","1","1203.55","239.91","83.93","1811","E. S. P. DE ENERGIA ELECTRICA DE BAJO BAUDO PIZARRO S.A.","2023","4"
"2023-04-01T00:00:00.000","2023-04-30T00:00:00.000","27","77","1","1343.47","26.63","218.74","37953","Prestadora de Servicios Públicos y Energía en ZOnas No Conectadas ESP SAS","2023","4"
"2023-04-01T00:00:00.000","2023-04-30T00:00:00.000","27","77","1","1593.7425","185.2041","132.3367","37735","ENERPACIFIC S.A.S. E.S.P.","2023","4"
"2023-04-01T00:00:00.000","2023-04-30T00:00:00.000","27","77","1","1068.1","36.91","117.66","43836","EMPRESA DE SERVICIOS PÚBLICOS DE ENERGÍA LIMPIA DE COLOMBIA ENERLIMPIA S.A. E.S.P.","2023","4"
"2023-05-01T00:00:00.000","2023-05-31T00:00:00.000","27","77","1","1090.63","37.62","118.57","43836","EMPRESA DE SERVICIOS PÚBLICOS DE ENERGÍA LIMPIA DE COLOMBIA ENERLIMPIA S.A. E.S.P.","2023","5"
"2023-05-01T00:00:00.000","2023-05-31T00:00:00.000","27","77","1","1599.4912","183.2211","133.3711","37735","ENERPACIFIC S.A.S. E.S.P.","2023","5"
"2023-05-01T00:00:00.000","2023-05-31T00:00:00.000","27","77","1","1209.4","236.44","84.59","1811","E. S. P. DE ENERGIA ELECTRICA DE BAJO BAUDO PIZARRO S.A.","2023","5"
"2023-05-01T00:00:00.000","2023-05-31T00:00:00.000","27","77","1","1356.22","26.35","220.45","37953","Prestadora de Servicios Públicos y Energía en ZOnas No Conectadas ESP SAS","2023","5"
"2023-06-01T00:00:00.000","2023-06-30T00:00:00.000","27","77","1","1092.25","34.62","119.09","43836","EMPRESA DE SERVICIOS PÚBLICOS DE ENERGÍA LIMPIA DE COLOMBIA ENERLIMPIA S.A. E.S.P.","2023","6"
"2023-06-01T00:00:00.000","2023-06-30T00:00:00.000","27","77","1","1608.2919","181.6267","133.9536","37735","ENERPACIFIC S.A.S. E.S.P.","2023","6"
"2023-06-01T00:00:00.000","2023-06-30T00:00:00.000","27","77","1","1366.17","26.09","221.42","37953","Prestadora de Servicios Públicos y Energía en ZOnas No Conectadas ESP SAS","2023","6"
"2023-06-01T00:00:00.000","2023-06-30T00:00:00.000","27","77","1","1210.42","231.24","84.96","1811","E. S. P. DE ENERGIA ELECTRICA DE BAJO BAUDO PIZARRO S.A.","2023","6"
"2023-01-01T00:00:00.000","2023-01-31T00:00:00.000","27","99","1","1242.2","176.04","57.02","22042","MUNICIPIO DE BOJAYA","2023","1"
"2023-01-01T00:00:00.000","2023-01-31T00:00:00.000","27","99","1","1503.1597","179.7358","154.727","26083","COMPAÑIA DE SERVICIOS PUBLICOS DOMICILIARIOS DE BOJAYA S.A E.S.P.","2023","1"
"2023-02-01T00:00:00.000","2023-02-28T00:00:00.000","27","99","1","1512.0329","183.1088","157.4771","26083","COMPAÑIA DE SERVICIOS PUBLICOS DOMICILIARIOS DE BOJAYA S.A E.S.P.","2023","2"
"2023-02-01T00:00:00.000","2023-02-28T00:00:00.000","27","99","1","1235.92","179.35","58.03","22042","MUNICIPIO DE BOJAYA","2023","2"
"2023-03-01T00:00:00.000","2023-03-31T00:00:00.000","27","99","1","1509.6102","185.2347","160.0921","26083","COMPAÑIA DE SERVICIOS PUBLICOS DOMICILIARIOS DE BOJAYA S.A E.S.P.","2023","3"
"2023-03-01T00:00:00.000","2023-03-31T00:00:00.000","27","99","1","1239.81","181.63","58.99","22042","MUNICIPIO DE BOJAYA","2023","3"
"2023-04-01T00:00:00.000","2023-04-30T00:00:00.000","27","99","1","1507.3068","185.2041","161.774","26083","COMPAÑIA DE SERVICIOS PUBLICOS DOMICILIARIOS DE BOJAYA S.A E.S.P.","2023","4"
"2023-04-01T00:00:00.000","2023-04-30T00:00:00.000","27","99","1","1240.88","181.4","59.61","22042","MUNICIPIO DE BOJAYA","2023","4"
"2023-05-01T00:00:00.000","2023-05-31T00:00:00.000","27","99","1","1516.6205","183.2211","163.0385","26083","COMPAÑIA DE SERVICIOS PUBLICOS DOMICILIARIOS DE BOJAYA S.A E.S.P.","2023","5"
"2023-05-01T00:00:00.000","2023-05-31T00:00:00.000","27","99","1","1237.97","179.46","60.08","22042","MUNICIPIO DE BOJAYA","2023","5"
"2023-06-01T00:00:00.000","2023-06-30T00:00:00.000","27","99","1","1256.3","177.66","60.34","22042","MUNICIPIO DE BOJAYA","2023","6"
"2023-06-01T00:00:00.000","2023-06-30T00:00:00.000","27","99","1","1523.2002","181.6267","163.7506","26083","COMPAÑIA DE SERVICIOS PUBLICOS DOMICILIARIOS DE BOJAYA S.A E.S.P.","2023","6"
"2023-01-01T00:00:00.000","2023-01-31T00:00:00.000","27","135","1","1324.9421","179.7358","98.3727","48383","ELECTRO LITORAL F.J.M S.A.S. E.S.P","2023","1"
"2023-02-01T00:00:00.000","2023-02-28T00:00:00.000","27","135","1","1318.9718","183.1088","100.1212","48383","ELECTRO LITORAL F.J.M S.A.S. E.S.P","2023","2"
"2023-03-01T00:00:00.000","2023-03-31T00:00:00.000","27","135","1","1324.7217","185.2347","101.7837","48383","ELECTRO LITORAL F.J.M S.A.S. E.S.P","2023","3"
"2023-04-01T00:00:00.000","2023-04-30T00:00:00.000","27","135","1","1353.2843","185.2041","102.8531","48383","ELECTRO LITORAL F.J.M S.A.S. E.S.P","2023","4"
"2023-05-01T00:00:00.000","2023-05-31T00:00:00.000","27","135","1","1365.0206","183.2211","103.6571","48383","ELECTRO LITORAL F.J.M S.A.S. E.S.P","2023","5"
"2023-06-01T00:00:00.000","2023-06-30T00:00:00.000","27","135","1","1372.3723","181.6267","104.1098","48383","ELECTRO LITORAL F.J.M S.A.S. E.S.P","2023","6"
"2023-01-01T00:00:00.000","2023-01-31T00:00:00.000","27","205","1","1370.2935","179.7358","137.2377","37735","ENERPACIFIC S.A.S. E.S.P.","2023","1"
"2023-02-01T00:00:00.000","2023-02-28T00:00:00.000","27","205","1","1364.078","183.1088","139.6769","37735","ENERPACIFIC S.A.S. E.S.P.","2023","2"
"2023-03-01T00:00:00.000","2023-03-31T00:00:00.000","27","205","1","1370.107","185.2347","141.9964","37735","ENERPACIFIC S.A.S. E.S.P.","2023","3"
"2023-04-01T00:00:00.000","2023-04-30T00:00:00.000","27","205","1","1372.1707","185.2041","143.4882","37735","ENERPACIFIC S.A.S. E.S.P.","2023","4"
"2023-05-01T00:00:00.000","2023-05-31T00:00:00.000","27","205","1","1379.5862","183.2211","144.6098","37735","ENERPACIFIC S.A.S. E.S.P.","2023","5"
"2023-06-01T00:00:00.000","2023-06-30T00:00:00.000","27","205","1","1392.2843","181.6267","145.2414","37735","ENERPACIFIC S.A.S. E.S.P.","2023","6"
"2023-01-01T00:00:00.000","2023-01-31T00:00:00.000","27","245","1","1533.7301","179.7358","127.013","37735","ENERPACIFIC S.A.S. E.S.P.","2023","1"
"2023-02-01T00:00:00.000","2023-02-28T00:00:00.000","27","245","1","1530.6156","183.1088","129.2705","37735","ENERPACIFIC S.A.S. E.S.P.","2023","2"
"2023-03-01T00:00:00.000","2023-03-31T00:00:00.000","27","245","1","1538.5336","185.2347","131.4171","37735","ENERPACIFIC S.A.S. E.S.P.","2023","3"
"2023-04-01T00:00:00.000","2023-04-30T00:00:00.000","27","245","1","1540.1894","185.2041","132.7978","37735","ENERPACIFIC S.A.S. E.S.P.","2023","4"
"2023-05-01T00:00:00.000","2023-05-31T00:00:00.000","27","245","1","1545.933","183.2211","133.8358","37735","ENERPACIFIC S.A.S. E.S.P.","2023","5"
"2023-06-01T00:00:00.000","2023-06-30T00:00:00.000","27","245","1","1557.1392","181.6267","134.4203","37735","ENERPACIFIC S.A.S. E.S.P.","2023","6"
"2023-01-01T00:00:00.000","2023-01-31T00:00:00.000","27","250","1","956.4853","29.6735","103.2245","48383","ELECTRO LITORAL F.J.M S.A.S. E.S.P","2023","1"
"2023-01-01T00:00:00.000","2023-01-31T00:00:00.000","27","250","1","1115.48","68.94","194.0","34274","EMPRESA DE SERVICIOS PUCLICOS Y ENERGIA DEL LITORAL DEL SAN JUAN S.A.S. E.S.P.","2023","1"
"2023-02-01T00:00:00.000","2023-02-28T00:00:00.000","27","250","1","1095.56","68.94","197.45","34274","EMPRESA DE SERVICIOS PUCLICOS Y ENERGIA DEL LITORAL DEL SAN JUAN S.A.S. E.S.P.","2023","2"
"2023-02-01T00:00:00.000","2023-02-28T00:00:00.000","27","250","1","939.5521","30.092","105.0592","48383","ELECTRO LITORAL F.J.M S.A.S. E.S.P","2023","2"
"2023-03-01T00:00:00.000","2023-03-31T00:00:00.000","27","250","1","1105.94","69.98","200.73","34274","EMPRESA DE SERVICIOS PUCLICOS Y ENERGIA DEL LITORAL DEL SAN JUAN S.A.S. E.S.P.","2023","3"
"2023-03-01T00:00:00.000","2023-03-31T00:00:00.000","27","250","1","924.5761","30.01","106.8038","48383","ELECTRO LITORAL F.J.M S.A.S. E.S.P","2023","3"
"2023-04-01T00:00:00.000","2023-04-30T00:00:00.000","27","250","1","1100.4","69.01","202.84","34274","EMPRESA DE SERVICIOS PUCLICOS Y ENERGIA DEL LITORAL DEL SAN JUAN S.A.S. E.S.P.","2023","4"
"2023-04-01T00:00:00.000","2023-04-30T00:00:00.000","27","250","1","941.6217","34.5187","107.9259","48383","ELECTRO LITORAL F.J.M S.A.S. E.S.P","2023","4"
"2023-05-01T00:00:00.000","2023-05-31T00:00:00.000","27","250","1","1111.11","68.96","204.43","34274","EMPRESA DE SERVICIOS PUCLICOS Y ENERGIA DEL LITORAL DEL SAN JUAN S.A.S. E.S.P.","2023","5"
"2023-05-01T00:00:00.000","2023-05-31T00:00:00.000","27","250","1","937.5498","33.5077","108.7695","48383","ELECTRO LITORAL F.J.M S.A.S. E.S.P","2023","5"
"2023-06-01T00:00:00.000","2023-06-30T00:00:00.000","27","250","1","1135.01","68.52","205.32","34274","EMPRESA DE SERVICIOS PUCLICOS Y ENERGIA DEL LITORAL DEL SAN JUAN S.A.S. E.S.P.","2023","6"
"2023-06-01T00:00:00.000","2023-06-30T00:00:00.000","27","250","1","950.7825","33.5415","109.2445","48383","ELECTRO LITORAL F.J.M S.A.S. E.S.P","2023","6"
"2023-01-01T00:00:00.000","2023-01-31T00:00:00.000","27","361","1","1612.62","211.52","125.71","22728","ASOCIACION DE USUARIOS DE SERVICIOS PUBLICOS DEL MEDIO BAUDO","2023","1"
"2023-02-01T00:00:00.000","2023-02-28T00:00:00.000","27","361","1","1597.14","212.07","128.44","22728","ASOCIACION DE USUARIOS DE SERVICIOS PUBLICOS DEL MEDIO BAUDO","2023","2"
"2023-03-01T00:00:00.000","2023-03-31T00:00:00.000","27","361","1","1601.8","214.48","130.07","22728","ASOCIACION DE USUARIOS DE SERVICIOS PUBLICOS DEL MEDIO BAUDO","2023","3"
"2023-04-01T00:00:00.000","2023-04-30T00:00:00.000","27","361","1","1619.03","212.14","131.44","22728","ASOCIACION DE USUARIOS DE SERVICIOS PUBLICOS DEL MEDIO BAUDO","2023","4"
"2023-05-01T00:00:00.000","2023-05-31T00:00:00.000","27","361","1","1619.33","208.89","132.46","22728","ASOCIACION DE USUARIOS DE SERVICIOS PUBLICOS DEL MEDIO BAUDO","2023","5"
"2023-06-01T00:00:00.000","2023-06-30T00:00:00.000","27","361","1","1612.3","204.31","133.04","22728","ASOCIACION DE USUARIOS DE SERVICIOS PUBLICOS DEL MEDIO BAUDO","2023","6"
"2023-01-01T00:00:00.000","2023-01-31T00:00:00.000","27","372","1","1402.04","146.29","74.26","20432","ELECTRIFICADORA DEL PACIFICO S.A. E.S.P.","2023","1"
"2023-02-01T00:00:00.000","2023-02-28T00:00:00.000","27","372","1","1393.46","146.67","75.56","20432","ELECTRIFICADORA DEL PACIFICO S.A. E.S.P.","2023","2"
"2023-03-01T00:00:00.000","2023-03-31T00:00:00.000","27","372","1","1393.46","146.67","75.56","20432","ELECTRIFICADORA DEL PACIFICO S.A. E.S.P.","2023","3"
"2023-04-01T00:00:00.000","2023-04-30T00:00:00.000","27","372","1","1377.38","130.4","78.3","20432","ELECTRIFICADORA DEL PACIFICO S.A. E.S.P.","2023","4"
"2023-05-01T00:00:00.000","2023-05-31T00:00:00.000","27","372","1","1464.0","148.49","89.76","20432","ELECTRIFICADORA DEL PACIFICO S.A. E.S.P.","2023","5"
"2023-06-01T00:00:00.000","2023-06-30T00:00:00.000","27","372","1","1471.86","147.27","90.15","20432","ELECTRIFICADORA DEL PACIFICO S.A. E.S.P.","2023","6"
"2023-01-01T00:00:00.000","2023-01-31T00:00:00.000","27","413","1","1452.5458","179.7358","139.6606","37735","ENERPACIFIC S.A.S. E.S.P.","2023","1"
"2023-02-01T00:00:00.000","2023-02-28T00:00:00.000","27","413","1","1448.0459","183.1088","142.1429","37735","ENERPACIFIC S.A.S. E.S.P.","2023","2"
"2023-03-01T00:00:00.000","2023-03-31T00:00:00.000","27","413","1","1454.6947","185.2347","144.5032","37735","ENERPACIFIC S.A.S. E.S.P.","2023","3"
"2023-04-01T00:00:00.000","2023-04-30T00:00:00.000","27","413","1","1457.7654","185.2041","146.0214","37735","ENERPACIFIC S.A.S. E.S.P.","2023","4"
"2023-05-01T00:00:00.000","2023-05-31T00:00:00.000","27","413","1","1464.5338","183.2211","147.1628","37735","ENERPACIFIC S.A.S. E.S.P.","2023","5"
"2023-06-01T00:00:00.000","2023-06-30T00:00:00.000","27","413","1","1476.3782","181.6267","147.8055","37735","ENERPACIFIC S.A.S. E.S.P.","2023","6"
"2023-01-01T00:00:00.000","2023-01-31T00:00:00.000","27","425","1","1565.8832","179.7358","137.9786","20170","MUNICIPIO DEL MEDIO ATRATO","2023","1"
"2023-02-01T00:00:00.000","2023-02-28T00:00:00.000","27","425","1","1559.9993","183.1088","140.4309","20170","MUNICIPIO DEL MEDIO ATRATO","2023","2"
"2023-03-01T00:00:00.000","2023-03-31T00:00:00.000","27","425","1","1595.0683","185.2347","142.7629","20170","MUNICIPIO DEL MEDIO ATRATO","2023","3"
"2023-04-01T00:00:00.000","2023-04-30T00:00:00.000","27","425","1","1582.9047","185.2041","144.2628","20170","MUNICIPIO DEL MEDIO ATRATO","2023","4"
"2023-05-01T00:00:00.000","2023-05-31T00:00:00.000","27","425","1","1570.2289","183.2211","145.3904","20170","MUNICIPIO DEL MEDIO ATRATO","2023","5"
"2023-06-01T00:00:00.000","2023-06-30T00:00:00.000","27","425","1","1574.1278","181.3916","146.0254","20170","MUNICIPIO DEL MEDIO ATRATO","2023","6"
"2023-01-01T00:00:00.000","2023-01-31T00:00:00.000","27","430","1","1212.78","239.71","80.28","1811","E. S. P. DE ENERGIA ELECTRICA DE BAJO BAUDO PIZARRO S.A.","2023","1"
"2023-01-01T00:00:00.000","2023-01-31T00:00:00.000","27","430","1","1612.62","211.52","125.71","22728","ASOCIACION DE USUARIOS DE SERVICIOS PUBLICOS DEL MEDIO BAUDO","2023","1"
"2023-02-01T00:00:00.000","2023-02-28T00:00:00.000","27","430","1","1205.5","239.79","81.7","1811","E. S. P. DE ENERGIA ELECTRICA DE BAJO BAUDO PIZARRO S.A.","2023","2"
"2023-02-01T00:00:00.000","2023-02-28T00:00:00.000","27","430","1","1597.14","212.07","128.44","22728","ASOCIACION DE USUARIOS DE SERVICIOS PUBLICOS DEL MEDIO BAUDO","2023","2"
"2023-03-01T00:00:00.000","2023-03-31T00:00:00.000","27","430","1","1601.8","214.48","130.07","22728","ASOCIACION DE USUARIOS DE SERVICIOS PUBLICOS DEL MEDIO BAUDO","2023","3"
"2023-03-01T00:00:00.000","2023-03-31T00:00:00.000","27","430","1","1211.2","242.52","83.06","1811","E. S. P. DE ENERGIA ELECTRICA DE BAJO BAUDO PIZARRO S.A.","2023","3"
"2023-04-01T00:00:00.000","2023-04-30T00:00:00.000","27","430","1","1619.03","212.14","131.44","22728","ASOCIACION DE USUARIOS DE SERVICIOS PUBLICOS DEL MEDIO BAUDO","2023","4"
"2023-04-01T00:00:00.000","2023-04-30T00:00:00.000","27","430","1","1203.55","239.91","83.93","1811","E. S. P. DE ENERGIA ELECTRICA DE BAJO BAUDO PIZARRO S.A.","2023","4"
"2023-05-01T00:00:00.000","2023-05-31T00:00:00.000","27","430","1","1619.33","208.89","132.46","22728","ASOCIACION DE USUARIOS DE SERVICIOS PUBLICOS DEL MEDIO BAUDO","2023","5"
"2023-05-01T00:00:00.000","2023-05-31T00:00:00.000","27","430","1","1209.4","236.44","84.59","1811","E. S. P. DE ENERGIA ELECTRICA DE BAJO BAUDO PIZARRO S.A.","2023","5"
"2023-06-01T00:00:00.000","2023-06-30T00:00:00.000","27","430","1","1612.3","204.31","133.04","22728","ASOCIACION DE USUARIOS DE SERVICIOS PUBLICOS DEL MEDIO BAUDO","2023","6"
"2023-06-01T00:00:00.000","2023-06-30T00:00:00.000","27","430","1","1210.42","231.24","84.96","1811","E. S. P. DE ENERGIA ELECTRICA DE BAJO BAUDO PIZARRO S.A.","2023","6"
"2023-01-01T00:00:00.000","2023-01-31T00:00:00.000","27","450","1","1233.5125","179.7358","94.0589","44199","SOLENERGETICAS S.A.S. E.S.P.","2023","1"
"2023-02-01T00:00:00.000","2023-02-28T00:00:00.000","27","450","1","1042.3025","183.1088","95.7307","44199","SOLENERGETICAS S.A.S. E.S.P.","2023","2"
"2023-03-01T00:00:00.000","2023-03-31T00:00:00.000","27","450","1","1232.7725","185.2347","97.3203","44199","SOLENERGETICAS S.A.S. E.S.P.","2023","3"
"2023-04-01T00:00:00.000","2023-04-30T00:00:00.000","27","450","1","1234.1117","185.2041","98.3428","44199","SOLENERGETICAS S.A.S. E.S.P.","2023","4"
"2023-05-01T00:00:00.000","2023-05-31T00:00:00.000","27","450","1","1244.6945","183.2211","99.1115","44199","SOLENERGETICAS S.A.S. E.S.P.","2023","5"
"2023-06-01T00:00:00.000","2023-06-30T00:00:00.000","27","450","1","1249.4993","181.6267","99.5444","44199","SOLENERGETICAS S.A.S. E.S.P.","2023","6"
"2023-01-01T00:00:00.000","2023-01-31T00:00:00.000","27","491","1","1345.36","25.85","212.93","37953","Prestadora de Servicios Públicos y Energía en ZOnas No Conectadas ESP SAS","2023","1"
"2023-02-01T00:00:00.000","2023-02-28T00:00:00.000","27","491","1","1340.65","26.33","216.47","37953","Prestadora de Servicios Públicos y Energía en ZOnas No Conectadas ESP SAS","2023","2"
"2023-03-01T00:00:00.000","2023-03-31T00:00:00.000","27","491","1","1343.38","26.64","218.74","37953","Prestadora de Servicios Públicos y Energía en ZOnas No Conectadas ESP SAS","2023","3"
"2023-04-01T00:00:00.000","2023-04-30T00:00:00.000","27","491","1","1343.47","26.63","218.74","37953","Prestadora de Servicios Públicos y Energía en ZOnas No Conectadas ESP SAS","2023","4"
"2023-05-01T00:00:00.000","2023-05-31T00:00:00.000","27","491","1","1356.22","26.35","220.45","37953","Prestadora de Servicios Públicos y Energía en ZOnas No Conectadas ESP SAS","2023","5"
"2023-06-01T00:00:00.000","2023-06-30T00:00:00.000","27","491","1","1366.17","26.09","221.42","37953","Prestadora de Servicios Públicos y Energía en ZOnas No Conectadas ESP SAS","2023","6"
"2023-01-01T00:00:00.000","2023-01-31T00:00:00.000","27","495","1","1116.32","90.5","46.72","1809","EMPRESA ELECTRIFICADORA DE NUQUI   E.S.P.   S. A ECONOMIA MIXTA","2023","1"
"2023-01-01T00:00:00.000","2023-01-31T00:00:00.000","27","495","1","1427.89","182.97","118.71","59450","AMBAR SERVICIOS DE OCCIDENTE ESP SAS","2023","1"
"2023-02-01T00:00:00.000","2023-02-28T00:00:00.000","27","495","1","1398.19","186.4","120.82","59450","AMBAR SERVICIOS DE OCCIDENTE ESP SAS","2023","2"
"2023-02-01T00:00:00.000","2023-02-28T00:00:00.000","27","495","1","1070.21","88.01","47.44","1809","EMPRESA ELECTRIFICADORA DE NUQUI   E.S.P.   S. A ECONOMIA MIXTA","2023","2"
"2023-03-01T00:00:00.000","2023-03-31T00:00:00.000","27","495","1","1080.96","93.32","46.66","1809","EMPRESA ELECTRIFICADORA DE NUQUI   E.S.P.   S. A ECONOMIA MIXTA","2023","3"
"2023-03-01T00:00:00.000","2023-03-31T00:00:00.000","27","495","1","1426.73","188.77","122.82","59450","AMBAR SERVICIOS DE OCCIDENTE ESP SAS","2023","3"
"2023-04-01T00:00:00.000","2023-04-30T00:00:00.000","27","495","1","1446.75","188.7","124.11","59450","AMBAR SERVICIOS DE OCCIDENTE ESP SAS","2023","4"
"2023-04-01T00:00:00.000","2023-04-30T00:00:00.000","27","495","1","1088.97","93.47","45.16","1809","EMPRESA ELECTRIFICADORA DE NUQUI   E.S.P.   S. A ECONOMIA MIXTA","2023","4"
"2023-05-01T00:00:00.000","2023-05-31T00:00:00.000","27","495","1","1457.34","186.42","125.08","59450","AMBAR SERVICIOS DE OCCIDENTE ESP SAS","2023","5"
"2023-05-01T00:00:00.000","2023-05-31T00:00:00.000","27","495","1","1103.19","92.35","45.52","1809","EMPRESA ELECTRIFICADORA DE NUQUI   E.S.P.   S. A ECONOMIA MIXTA","2023","5"
"2023-06-01T00:00:00.000","2023-06-30T00:00:00.000","27","495","1","1124.62","91.59","45.72","1809","EMPRESA ELECTRIFICADORA DE NUQUI   E.S.P.   S. A ECONOMIA MIXTA","2023","6"
"2023-06-01T00:00:00.000","2023-06-30T00:00:00.000","27","495","1","1470.65","184.65","125.63","59450","AMBAR SERVICIOS DE OCCIDENTE ESP SAS","2023","6"
"2023-01-01T00:00:00.000","2023-01-31T00:00:00.000","27","600","1","1409.5693","179.7358","111.3105","44199","SOLENERGETICAS S.A.S. E.S.P.","2023","1"
"2023-02-01T00:00:00.000","2023-02-28T00:00:00.000","27","600","1","1201.1322","183.1088","113.2889","44199","SOLENERGETICAS S.A.S. E.S.P.","2023","2"
"2023-03-01T00:00:00.000","2023-03-31T00:00:00.000","27","600","1","1411.0061","185.2347","115.1701","44199","SOLENERGETICAS S.A.S. E.S.P.","2023","3"
"2023-04-01T00:00:00.000","2023-04-30T00:00:00.000","27","600","1","1412.6855","185.2041","116.3801","44199","SOLENERGETICAS S.A.S. E.S.P.","2023","4"
"2023-05-01T00:00:00.000","2023-05-31T00:00:00.000","27","600","1","1423.6871","183.2211","117.2898","44199","SOLENERGETICAS S.A.S. E.S.P.","2023","5"
"2023-06-01T00:00:00.000","2023-06-30T00:00:00.000","27","600","1","1428.4995","181.6267","117.8021","44199","SOLENERGETICAS S.A.S. E.S.P.","2023","6"
"2023-04-01T00:00:00.000","2023-04-30T00:00:00.000","27","660","1","1086.1","26.63","143.03","50543","EAT ELECTRIFICADORA DE LA ZONA URBANA Y RURAL DE CHOCO","2023","4"
"2023-05-01T00:00:00.000","2023-05-31T00:00:00.000","27","660","1","1101.25","26.35","144.14","50543","EAT ELECTRIFICADORA DE LA ZONA URBANA Y RURAL DE CHOCO","2023","5"
"2023-06-01T00:00:00.000","2023-06-30T00:00:00.000","27","660","1","1112.0","26.09","144.77","50543","EAT ELECTRIFICADORA DE LA ZONA URBANA Y RURAL DE CHOCO","2023","6"
"2023-01-01T00:00:00.000","2023-01-31T00:00:00.000","27","745","1","1525.99","176.04","99.98","20153","MUNICIPIO DE SIPI","2023","1"
"2023-02-01T00:00:00.000","2023-02-28T00:00:00.000","27","745","1","1519.43","179.35","101.76","20153","MUNICIPIO DE SIPI","2023","2"
"2023-03-01T00:00:00.000","2023-03-31T00:00:00.000","27","745","1","1529.13","181.63","103.45","20153","MUNICIPIO DE SIPI","2023","3"
"2023-04-01T00:00:00.000","2023-04-30T00:00:00.000","27","745","1","1537.74","181.4","104.54","20153","MUNICIPIO DE SIPI","2023","4"
"2023-05-01T00:00:00.000","2023-05-31T00:00:00.000","27","745","1","1532.39","179.46","105.35","20153","MUNICIPIO DE SIPI","2023","5"
"2023-06-01T00:00:00.000","2023-06-30T00:00:00.000","27","745","1","1550.96","177.66","105.82","20153","MUNICIPIO DE SIPI","2023","6"
"2023-01-01T00:00:00.000","2023-01-31T00:00:00.000","44","847","1","764.13","35.5","64.56","42637","HELIOS ENERGIA S.A. ESP","2023","1"
"2023-02-01T00:00:00.000","2023-02-28T00:00:00.000","44","847","1","777.97","35.51","79.6","42637","HELIOS ENERGIA S.A. ESP","2023","2"
"2023-03-01T00:00:00.000","2023-03-31T00:00:00.000","44","847","1","754.91","35.5","108.69","42637","HELIOS ENERGIA S.A. ESP","2023","3"
"2023-04-01T00:00:00.000","2023-04-30T00:00:00.000","44","847","1","776.92","35.99","150.05","42637","HELIOS ENERGIA S.A. ESP","2023","4"
"2023-05-01T00:00:00.000","2023-05-31T00:00:00.000","44","847","1","750.26","35.29","121.34","42637","HELIOS ENERGIA S.A. ESP","2023","5"
"2023-06-01T00:00:00.000","2023-06-30T00:00:00.000","44","847","1","841.09","35.25","101.29","42637","HELIOS ENERGIA S.A. ESP","2023","6"
"2023-01-01T00:00:00.000","2023-01-31T00:00:00.000","50","325","1","1191.2","210.29","43.08","25680","ELECTRIFICADORA DE MAPIRIPÁN S.A. E.S.P.","2023","1"
"2023-02-01T00:00:00.000","2023-02-28T00:00:00.000","50","325","1","1216.17","213.39","43.85","25680","ELECTRIFICADORA DE MAPIRIPÁN S.A. E.S.P.","2023","2"
"2023-03-01T00:00:00.000","2023-03-31T00:00:00.000","50","325","1","1190.13","216.58","44.58","25680","ELECTRIFICADORA DE MAPIRIPÁN S.A. E.S.P.","2023","3"
"2023-04-01T00:00:00.000","2023-04-30T00:00:00.000","50","325","1","1221.46","216.29","45.05","25680","ELECTRIFICADORA DE MAPIRIPÁN S.A. E.S.P.","2023","4"
"2023-05-01T00:00:00.000","2023-05-31T00:00:00.000","50","325","1","1190.39","213.98","45.39","25680","ELECTRIFICADORA DE MAPIRIPÁN S.A. E.S.P.","2023","5"
"2023-06-01T00:00:00.000","2023-06-30T00:00:00.000","50","325","1","1172.08","211.92","45.6","25680","ELECTRIFICADORA DE MAPIRIPÁN S.A. E.S.P.","2023","6"
"2023-02-01T00:00:00.000","2023-02-28T00:00:00.000","52","79","1","1748.6544","183.1088","56.2612","57214","OTPRIM S.A.S.","2023","2"
"2023-03-01T00:00:00.000","2023-03-31T00:00:00.000","52","79","1","1760.2368","185.2347","57.1954","57214","OTPRIM S.A.S.","2023","3"
"2023-04-01T00:00:00.000","2023-04-30T00:00:00.000","52","79","1","1761.7662","185.2041","57.7963","57214","OTPRIM S.A.S.","2023","4"
"2023-05-01T00:00:00.000","2023-05-31T00:00:00.000","52","79","1","1769.8339","183.2211","58.2481","57214","OTPRIM S.A.S.","2023","5"
"2023-06-01T00:00:00.000","2023-06-30T00:00:00.000","52","79","1","1775.1961","181.3916","58.5025","57214","OTPRIM S.A.S.","2023","6"
"2023-01-01T00:00:00.000","2023-01-31T00:00:00.000","52","250","1","1464.89","218.14","105.48","23423","EMPRESA ASOCIATIVA DE TRABAJO ENERGIA DEL SUR","2023","1"
"2023-01-01T00:00:00.000","2023-01-31T00:00:00.000","52","250","1","1231.23","112.96","115.57","25681","ASOCIACION DE ENERGIA DE LAS ZONAS RURALES DEL MUNICIPIO DE EL CHARCO","2023","1"
"2023-02-01T00:00:00.000","2023-02-28T00:00:00.000","52","250","1","1213.11","114.51","117.62","25681","ASOCIACION DE ENERGIA DE LAS ZONAS RURALES DEL MUNICIPIO DE EL CHARCO","2023","2"
"2023-02-01T00:00:00.000","2023-02-28T00:00:00.000","52","250","1","1450.43","218.58","107.35","23423","EMPRESA ASOCIATIVA DE TRABAJO ENERGIA DEL SUR","2023","2"
"2023-03-01T00:00:00.000","2023-03-31T00:00:00.000","52","250","1","1457.22","221.06","109.13","23423","EMPRESA ASOCIATIVA DE TRABAJO ENERGIA DEL SUR","2023","3"
"2023-03-01T00:00:00.000","2023-03-31T00:00:00.000","52","250","1","1217.59","116.16","119.57","25681","ASOCIACION DE ENERGIA DE LAS ZONAS RURALES DEL MUNICIPIO DE EL CHARCO","2023","3"
"2023-04-01T00:00:00.000","2023-04-30T00:00:00.000","52","250","1","1453.93","218.67","110.28","23423","EMPRESA ASOCIATIVA DE TRABAJO ENERGIA DEL SUR","2023","4"
"2023-04-01T00:00:00.000","2023-04-30T00:00:00.000","52","250","1","1217.97","114.22","120.83","25681","ASOCIACION DE ENERGIA DE LAS ZONAS RURALES DEL MUNICIPIO DE EL CHARCO","2023","4"
"2023-05-01T00:00:00.000","2023-05-31T00:00:00.000","52","250","1","1462.27","215.21","111.14","23423","EMPRESA ASOCIATIVA DE TRABAJO ENERGIA DEL SUR","2023","5"
"2023-05-01T00:00:00.000","2023-05-31T00:00:00.000","52","250","1","1228.38","113.28","121.77","25681","ASOCIACION DE ENERGIA DE LAS ZONAS RURALES DEL MUNICIPIO DE EL CHARCO","2023","5"
"2023-06-01T00:00:00.000","2023-06-30T00:00:00.000","52","250","1","1232.72","111.37","122.31","25681","ASOCIACION DE ENERGIA DE LAS ZONAS RURALES DEL MUNICIPIO DE EL CHARCO","2023","6"
"2023-06-01T00:00:00.000","2023-06-30T00:00:00.000","52","250","1","1460.51","210.85","111.63","23423","EMPRESA ASOCIATIVA DE TRABAJO ENERGIA DEL SUR","2023","6"
"2023-01-01T00:00:00.000","2023-01-31T00:00:00.000","52","390","1","1305.8795","179.7358","261.7836","43076","EMPRESA ASOCIATIVA DE TRABAJO Y LA PRESTACIÓN DEL SERVICIO DE ENERGÍA EN LA ZONA RURAL DEL MUNICIPIO DE LA TOLA NARIÑO","2023","1"
"2023-01-01T00:00:00.000","2023-01-31T00:00:00.000","52","390","1","1261.37","96.37","116.04","38850","EMPRESA DE SERVICIOS PÚBLICOS DE ENERGÍA ELÉCTRICA DE LAS PLAYAS ASOCIADAS - ENERPLASO S.A. E.S.P.","2023","1"
"2023-01-01T00:00:00.000","2023-01-31T00:00:00.000","52","390","1","1499.93","196.15","135.17","37833","ELECTRIFICADORA DE NARIÑO SUR E.A.T.","2023","1"
"2023-02-01T00:00:00.000","2023-02-28T00:00:00.000","52","390","1","1482.68","196.39","138.1","37833","ELECTRIFICADORA DE NARIÑO SUR E.A.T.","2023","2"
"2023-02-01T00:00:00.000","2023-02-28T00:00:00.000","52","390","1","1287.9911","183.1088","266.4364","43076","EMPRESA ASOCIATIVA DE TRABAJO Y LA PRESTACIÓN DEL SERVICIO DE ENERGÍA EN LA ZONA RURAL DEL MUNICIPIO DE LA TOLA NARIÑO","2023","2"
"2023-02-01T00:00:00.000","2023-02-28T00:00:00.000","52","390","1","1243.15","96.24","118.1","38850","EMPRESA DE SERVICIOS PÚBLICOS DE ENERGÍA ELÉCTRICA DE LAS PLAYAS ASOCIADAS - ENERPLASO S.A. E.S.P.","2023","2"
"2023-03-01T00:00:00.000","2023-03-31T00:00:00.000","52","390","1","1248.6","97.26","120.06","38850","EMPRESA DE SERVICIOS PÚBLICOS DE ENERGÍA ELÉCTRICA DE LAS PLAYAS ASOCIADAS - ENERPLASO S.A. E.S.P.","2023","3"
"2023-03-01T00:00:00.000","2023-03-31T00:00:00.000","52","390","1","1491.51","198.93","139.85","37833","ELECTRIFICADORA DE NARIÑO SUR E.A.T.","2023","3"
"2023-03-01T00:00:00.000","2023-03-31T00:00:00.000","52","390","1","1293.1695","185.2347","270.8608","43076","EMPRESA ASOCIATIVA DE TRABAJO Y LA PRESTACIÓN DEL SERVICIO DE ENERGÍA EN LA ZONA RURAL DEL MUNICIPIO DE LA TOLA NARIÑO","2023","3"
"2023-04-01T00:00:00.000","2023-04-30T00:00:00.000","52","390","1","1121.7724","185.2041","273.7065","43076","EMPRESA ASOCIATIVA DE TRABAJO Y LA PRESTACIÓN DEL SERVICIO DE ENERGÍA EN LA ZONA RURAL DEL MUNICIPIO DE LA TOLA NARIÑO","2023","4"
"2023-04-01T00:00:00.000","2023-04-30T00:00:00.000","52","390","1","1466.67","191.64","141.32","37833","ELECTRIFICADORA DE NARIÑO SUR E.A.T.","2023","4"
"2023-04-01T00:00:00.000","2023-04-30T00:00:00.000","52","390","1","1244.91","95.99","121.32","38850","EMPRESA DE SERVICIOS PÚBLICOS DE ENERGÍA ELÉCTRICA DE LAS PLAYAS ASOCIADAS - ENERPLASO S.A. E.S.P.","2023","4"
"2023-05-01T00:00:00.000","2023-05-31T00:00:00.000","52","390","1","1251.1","92.59","122.27","38850","EMPRESA DE SERVICIOS PÚBLICOS DE ENERGÍA ELÉCTRICA DE LAS PLAYAS ASOCIADAS - ENERPLASO S.A. E.S.P.","2023","5"
"2023-05-01T00:00:00.000","2023-05-31T00:00:00.000","52","390","1","1470.2","188.31","142.23","37833","ELECTRIFICADORA DE NARIÑO SUR E.A.T.","2023","5"
"2023-05-01T00:00:00.000","2023-05-31T00:00:00.000","52","390","1","1129.5206","183.2211","275.8459","43076","EMPRESA ASOCIATIVA DE TRABAJO Y LA PRESTACIÓN DEL SERVICIO DE ENERGÍA EN LA ZONA RURAL DEL MUNICIPIO DE LA TOLA NARIÑO","2023","5"
"2023-06-01T00:00:00.000","2023-06-30T00:00:00.000","52","390","1","1173.3219","181.6267","277.0507","43076","EMPRESA ASOCIATIVA DE TRABAJO Y LA PRESTACIÓN DEL SERVICIO DE ENERGÍA EN LA ZONA RURAL DEL MUNICIPIO DE LA TOLA NARIÑO","2023","6"
"2023-06-01T00:00:00.000","2023-06-30T00:00:00.000","52","390","1","1473.23","185.39","143.05","37833","ELECTRIFICADORA DE NARIÑO SUR E.A.T.","2023","6"
"2023-06-01T00:00:00.000","2023-06-30T00:00:00.000","52","390","1","1253.41","89.3","122.81","38850","EMPRESA DE SERVICIOS PÚBLICOS DE ENERGÍA ELÉCTRICA DE LAS PLAYAS ASOCIADAS - ENERPLASO S.A. E.S.P.","2023","6"
"2023-01-01T00:00:00.000","2023-01-31T00:00:00.000","52","427","1","1053.49","29.88","121.42","20081","EMPRESA DE ENERGIA DE MAGUI PAYAN S.A E.S.P","2023","1"
"2023-01-01T00:00:00.000","2023-01-31T00:00:00.000","52","427","1","1218.81","105.72","103.96","42417","EMPRESA DE ENERGY Y SERVICIOS S.A.S  E.S.P","2023","1"
"2023-02-01T00:00:00.000","2023-02-28T00:00:00.000","52","427","1","1201.74","107.42","105.81","42417","EMPRESA DE ENERGY Y SERVICIOS S.A.S  E.S.P","2023","2"
"2023-02-01T00:00:00.000","2023-02-28T00:00:00.000","52","427","1","1032.34","29.96","123.58","20081","EMPRESA DE ENERGIA DE MAGUI PAYAN S.A E.S.P","2023","2"
"2023-03-01T00:00:00.000","2023-03-31T00:00:00.000","52","427","1","1211.04","111.96","107.57","42417","EMPRESA DE ENERGY Y SERVICIOS S.A.S  E.S.P","2023","3"
"2023-03-01T00:00:00.000","2023-03-31T00:00:00.000","52","427","1","1033.49","30.3","125.63","20081","EMPRESA DE ENERGIA DE MAGUI PAYAN S.A E.S.P","2023","3"
"2023-04-01T00:00:00.000","2023-04-30T00:00:00.000","52","427","1","1203.98","110.53","108.7","42417","EMPRESA DE ENERGY Y SERVICIOS S.A.S  E.S.P","2023","4"
"2023-04-01T00:00:00.000","2023-04-30T00:00:00.000","52","427","1","1029.08","29.97","126.95","20081","EMPRESA DE ENERGIA DE MAGUI PAYAN S.A E.S.P","2023","4"
"2023-05-01T00:00:00.000","2023-05-31T00:00:00.000","52","427","1","1041.57","29.51","127.94","20081","EMPRESA DE ENERGIA DE MAGUI PAYAN S.A E.S.P","2023","5"
"2023-05-01T00:00:00.000","2023-05-31T00:00:00.000","52","427","1","1211.62","107.8","109.55","42417","EMPRESA DE ENERGY Y SERVICIOS S.A.S  E.S.P","2023","5"
"2023-06-01T00:00:00.000","2023-06-30T00:00:00.000","52","427","1","1217.08","105.49","110.03","42417","EMPRESA DE ENERGY Y SERVICIOS S.A.S  E.S.P","2023","6"
"2023-06-01T00:00:00.000","2023-06-30T00:00:00.000","52","427","1","1050.77","28.86","128.5","20081","EMPRESA DE ENERGIA DE MAGUI PAYAN S.A E.S.P","2023","6"
"2023-01-01T00:00:00.000","2023-01-31T00:00:00.000","52","473","1","1582.06","196.56","104.96","26810","EMPRESA ASOCIATIVA DE TRABAJO ENERGIA DE OLAYA HERRERA EAT ENEROLAYAHERRERA E.S.P.","2023","1"
"2023-01-01T00:00:00.000","2023-01-31T00:00:00.000","52","473","1","1875.16","207.77","154.64","32033","ASOCIACION DE USUARIOS DEL SERVICIO DE ENERGIA DE LA ZONA RURAL DEL CONSEJO COMUNITARIO ODEMAP MOSQUERA NORTE DEL MUNICIPIO DE MOSQUERA  NARIÑO","2023","1"
"2023-01-01T00:00:00.000","2023-01-31T00:00:00.000","52","473","1","1549.08","207.77","87.99","56170","EMPRESA DE ENERGIA DE MOSQUERA S.A.S. E.S.P.","2023","1"
"2023-01-01T00:00:00.000","2023-01-31T00:00:00.000","52","473","1","1261.37","96.37","116.04","38850","EMPRESA DE SERVICIOS PÚBLICOS DE ENERGÍA ELÉCTRICA DE LAS PLAYAS ASOCIADAS - ENERPLASO S.A. E.S.P.","2023","1"
"2023-02-01T00:00:00.000","2023-02-28T00:00:00.000","52","473","1","1573.89","197.39","106.82","26810","EMPRESA ASOCIATIVA DE TRABAJO ENERGIA DE OLAYA HERRERA EAT ENEROLAYAHERRERA E.S.P.","2023","2"
"2023-02-01T00:00:00.000","2023-02-28T00:00:00.000","52","473","1","1535.7","208.31","89.56","56170","EMPRESA DE ENERGIA DE MOSQUERA S.A.S. E.S.P.","2023","2"
"2023-02-01T00:00:00.000","2023-02-28T00:00:00.000","52","473","1","1868.7","208.31","157.38","32033","ASOCIACION DE USUARIOS DEL SERVICIO DE ENERGIA DE LA ZONA RURAL DEL CONSEJO COMUNITARIO ODEMAP MOSQUERA NORTE DEL MUNICIPIO DE MOSQUERA  NARIÑO","2023","2"
"2023-02-01T00:00:00.000","2023-02-28T00:00:00.000","52","473","1","1243.15","96.24","118.1","38850","EMPRESA DE SERVICIOS PÚBLICOS DE ENERGÍA ELÉCTRICA DE LAS PLAYAS ASOCIADAS - ENERPLASO S.A. E.S.P.","2023","2"
"2023-03-01T00:00:00.000","2023-03-31T00:00:00.000","52","473","1","1248.6","97.26","120.06","38850","EMPRESA DE SERVICIOS PÚBLICOS DE ENERGÍA ELÉCTRICA DE LAS PLAYAS ASOCIADAS - ENERPLASO S.A. E.S.P.","2023","3"
"2023-03-01T00:00:00.000","2023-03-31T00:00:00.000","52","473","1","1579.36","199.28","108.6","26810","EMPRESA ASOCIATIVA DE TRABAJO ENERGIA DE OLAYA HERRERA EAT ENEROLAYAHERRERA E.S.P.","2023","3"
"2023-03-01T00:00:00.000","2023-03-31T00:00:00.000","52","473","1","1542.19","210.68","91.04","56170","EMPRESA DE ENERGIA DE MOSQUERA S.A.S. E.S.P.","2023","3"
"2023-03-01T00:00:00.000","2023-03-31T00:00:00.000","52","473","1","1879.8","210.68","160.0","32033","ASOCIACION DE USUARIOS DEL SERVICIO DE ENERGIA DE LA ZONA RURAL DEL CONSEJO COMUNITARIO ODEMAP MOSQUERA NORTE DEL MUNICIPIO DE MOSQUERA  NARIÑO","2023","3"
"2023-04-01T00:00:00.000","2023-04-30T00:00:00.000","52","473","1","1582.47","196.54","109.74","26810","EMPRESA ASOCIATIVA DE TRABAJO ENERGIA DE OLAYA HERRERA EAT ENEROLAYAHERRERA E.S.P.","2023","4"
"2023-04-01T00:00:00.000","2023-04-30T00:00:00.000","52","473","1","1533.18","208.38","88.25","56170","EMPRESA DE ENERGIA DE MOSQUERA S.A.S. E.S.P.","2023","4"
"2023-04-01T00:00:00.000","2023-04-30T00:00:00.000","52","473","1","1906.87","211.94","172.24","32033","ASOCIACION DE USUARIOS DEL SERVICIO DE ENERGIA DE LA ZONA RURAL DEL CONSEJO COMUNITARIO ODEMAP MOSQUERA NORTE DEL MUNICIPIO DE MOSQUERA  NARIÑO","2023","4"
"2023-04-01T00:00:00.000","2023-04-30T00:00:00.000","52","473","1","1244.91","95.99","121.32","38850","EMPRESA DE SERVICIOS PÚBLICOS DE ENERGÍA ELÉCTRICA DE LAS PLAYAS ASOCIADAS - ENERPLASO S.A. E.S.P.","2023","4"
"2023-05-01T00:00:00.000","2023-05-31T00:00:00.000","52","473","1","1541.75","205.19","88.94","56170","EMPRESA DE ENERGIA DE MOSQUERA S.A.S. E.S.P.","2023","5"
"2023-05-01T00:00:00.000","2023-05-31T00:00:00.000","52","473","1","1909.03","208.86","173.59","32033","ASOCIACION DE USUARIOS DEL SERVICIO DE ENERGIA DE LA ZONA RURAL DEL CONSEJO COMUNITARIO ODEMAP MOSQUERA NORTE DEL MUNICIPIO DE MOSQUERA  NARIÑO","2023","5"
"2023-05-01T00:00:00.000","2023-05-31T00:00:00.000","52","473","1","1251.1","92.59","122.27","38850","EMPRESA DE SERVICIOS PÚBLICOS DE ENERGÍA ELÉCTRICA DE LAS PLAYAS ASOCIADAS - ENERPLASO S.A. E.S.P.","2023","5"
"2023-05-01T00:00:00.000","2023-05-31T00:00:00.000","52","473","1","1592.83","193.92","110.6","26810","EMPRESA ASOCIATIVA DE TRABAJO ENERGIA DE OLAYA HERRERA EAT ENEROLAYAHERRERA E.S.P.","2023","5"
"2023-06-01T00:00:00.000","2023-06-30T00:00:00.000","52","473","1","1887.95","203.77","174.35","32033","ASOCIACION DE USUARIOS DEL SERVICIO DE ENERGIA DE LA ZONA RURAL DEL CONSEJO COMUNITARIO ODEMAP MOSQUERA NORTE DEL MUNICIPIO DE MOSQUERA  NARIÑO","2023","6"
"2023-06-01T00:00:00.000","2023-06-30T00:00:00.000","52","473","1","1541.92","200.69","89.32","56170","EMPRESA DE ENERGIA DE MOSQUERA S.A.S. E.S.P.","2023","6"
"2023-06-01T00:00:00.000","2023-06-30T00:00:00.000","52","473","1","1253.41","89.3","122.81","38850","EMPRESA DE SERVICIOS PÚBLICOS DE ENERGÍA ELÉCTRICA DE LAS PLAYAS ASOCIADAS - ENERPLASO S.A. E.S.P.","2023","6"
"2023-06-01T00:00:00.000","2023-06-30T00:00:00.000","52","473","1","1597.58","190.49","111.08","26810","EMPRESA ASOCIATIVA DE TRABAJO ENERGIA DE OLAYA HERRERA EAT ENEROLAYAHERRERA E.S.P.","2023","6"
"2023-01-01T00:00:00.000","2023-01-31T00:00:00.000","52","490","1","1613.85","29.08","173.14","28352","EMPRESA ASOCIATIVA DE TRABAJO COMERCIALIZADORA SAN JOSE E.S.P.","2023","1"
"2023-01-01T00:00:00.000","2023-01-31T00:00:00.000","52","490","1","1582.06","196.56","104.96","26810","EMPRESA ASOCIATIVA DE TRABAJO ENERGIA DE OLAYA HERRERA EAT ENEROLAYAHERRERA E.S.P.","2023","1"
"2023-02-01T00:00:00.000","2023-02-28T00:00:00.000","52","490","1","1573.89","197.39","106.82","26810","EMPRESA ASOCIATIVA DE TRABAJO ENERGIA DE OLAYA HERRERA EAT ENEROLAYAHERRERA E.S.P.","2023","2"
"2023-02-01T00:00:00.000","2023-02-28T00:00:00.000","52","490","1","1622.4","29.63","176.22","28352","EMPRESA ASOCIATIVA DE TRABAJO COMERCIALIZADORA SAN JOSE E.S.P.","2023","2"
"2023-03-01T00:00:00.000","2023-03-31T00:00:00.000","52","490","1","1579.36","199.28","108.6","26810","EMPRESA ASOCIATIVA DE TRABAJO ENERGIA DE OLAYA HERRERA EAT ENEROLAYAHERRERA E.S.P.","2023","3"
"2023-03-01T00:00:00.000","2023-03-31T00:00:00.000","52","490","1","1630.68","29.97","179.15","28352","EMPRESA ASOCIATIVA DE TRABAJO COMERCIALIZADORA SAN JOSE E.S.P.","2023","3"
"2023-04-01T00:00:00.000","2023-04-30T00:00:00.000","52","490","1","1582.47","196.54","109.74","26810","EMPRESA ASOCIATIVA DE TRABAJO ENERGIA DE OLAYA HERRERA EAT ENEROLAYAHERRERA E.S.P.","2023","4"
"2023-04-01T00:00:00.000","2023-04-30T00:00:00.000","52","490","1","1672.09","33.8","181.03","28352","EMPRESA ASOCIATIVA DE TRABAJO COMERCIALIZADORA SAN JOSE E.S.P.","2023","4"
"2023-05-01T00:00:00.000","2023-05-31T00:00:00.000","52","490","1","1592.83","193.92","110.6","26810","EMPRESA ASOCIATIVA DE TRABAJO ENERGIA DE OLAYA HERRERA EAT ENEROLAYAHERRERA E.S.P.","2023","5"
"2023-05-01T00:00:00.000","2023-05-31T00:00:00.000","52","490","1","1668.9","32.65","182.44","28352","EMPRESA ASOCIATIVA DE TRABAJO COMERCIALIZADORA SAN JOSE E.S.P.","2023","5"
"2023-06-01T00:00:00.000","2023-06-30T00:00:00.000","52","490","1","1597.58","190.49","111.08","26810","EMPRESA ASOCIATIVA DE TRABAJO ENERGIA DE OLAYA HERRERA EAT ENEROLAYAHERRERA E.S.P.","2023","6"
"2023-06-01T00:00:00.000","2023-06-30T00:00:00.000","52","490","1","1649.87","32.32","183.24","28352","EMPRESA ASOCIATIVA DE TRABAJO COMERCIALIZADORA SAN JOSE E.S.P.","2023","6"
"2023-01-01T00:00:00.000","2023-01-31T00:00:00.000","52","520","1","1414.0","173.0","65.0","32200","EMPRESA DE ENERGIA DE LA ZONA RURAL DE FRANCISCO PIZARRO","2023","1"
"2023-02-01T00:00:00.000","2023-02-28T00:00:00.000","52","520","1","1430.0","174.0","66.0","32200","EMPRESA DE ENERGIA DE LA ZONA RURAL DE FRANCISCO PIZARRO","2023","2"
"2023-03-01T00:00:00.000","2023-03-31T00:00:00.000","52","520","1","1415.0","173.0","67.0","32200","EMPRESA DE ENERGIA DE LA ZONA RURAL DE FRANCISCO PIZARRO","2023","3"
"2023-04-01T00:00:00.000","2023-04-30T00:00:00.000","52","520","1","1415.8","170.0","67.0","32200","EMPRESA DE ENERGIA DE LA ZONA RURAL DE FRANCISCO PIZARRO","2023","4"
"2023-05-01T00:00:00.000","2023-05-31T00:00:00.000","52","520","1","1419.97","166.0","68.0","32200","EMPRESA DE ENERGIA DE LA ZONA RURAL DE FRANCISCO PIZARRO","2023","5"
"2023-06-01T00:00:00.000","2023-06-30T00:00:00.000","52","520","1","1431.99","162.0","68.0","32200","EMPRESA DE ENERGIA DE LA ZONA RURAL DE FRANCISCO PIZARRO","2023","6"
"2023-01-01T00:00:00.000","2023-01-31T00:00:00.000","52","621","1","1679.37","207.77","130.38","48187","EMPRESA DE SERVICIOS PÚBLICOS DE ENERGÍA RENOVABLE DEL PACIFICO S.A.S. E.S.P.","2023","1"
"2023-02-01T00:00:00.000","2023-02-28T00:00:00.000","52","621","1","1662.32","208.31","133.21","48187","EMPRESA DE SERVICIOS PÚBLICOS DE ENERGÍA RENOVABLE DEL PACIFICO S.A.S. E.S.P.","2023","2"
"2023-03-01T00:00:00.000","2023-03-31T00:00:00.000","52","621","1","1669.67","210.68","134.9","48187","EMPRESA DE SERVICIOS PÚBLICOS DE ENERGÍA RENOVABLE DEL PACIFICO S.A.S. E.S.P.","2023","3"
"2023-04-01T00:00:00.000","2023-04-30T00:00:00.000","52","621","1","1534.02","208.38","74.75","69939","EMPRESA DE ENERGIA ELECTRICA DEL PATIA SAS ESP","2023","4"
"2023-05-01T00:00:00.000","2023-05-31T00:00:00.000","52","621","1","1605.55","205.19","77.86","69939","EMPRESA DE ENERGIA ELECTRICA DEL PATIA SAS ESP","2023","5"
"2023-06-01T00:00:00.000","2023-06-30T00:00:00.000","52","621","1","1630.59","200.69","79.97","69939","EMPRESA DE ENERGIA ELECTRICA DEL PATIA SAS ESP","2023","6"
"2023-01-01T00:00:00.000","2023-01-31T00:00:00.000","52","696","1","1216.83","99.2","121.03","22594","ASOCIACIÓN DE USUARIOS DEL SERVICIO DE ENERGÍA ELÉCTRICA DE LA ZONA RURAL DE SANTA BARBARA DE ISCUANDE","2023","1"
"2023-01-01T00:00:00.000","2023-01-31T00:00:00.000","52","696","1","1260.82","115.62","118.74","25965","EMPRESA ASOCIATIVA DE TRABAJO ELECTROSOLEDAD DE ISCUANDE","2023","1"
"2023-01-01T00:00:00.000","2023-01-31T00:00:00.000","52","696","1","1732.9531","179.7358","178.426","31373","EMPRESA ASOCIATIVA DE TRABAJO PARA LA PRESTACION DE SERVICIOS PUBLICOS DE ENERGIA ACUEDUCTO ALCANTARILLADO Y ASEO DEL MUNICIPIO DE SANTA BARBARA ISCUA","2023","1"
"2023-01-01T00:00:00.000","2023-01-31T00:00:00.000","52","696","1","1368.3751","94.6003","126.5347","38134","EMPRESA ASOCIATIVA DE TRABAJO PARA LA PRESTACIÓN DE SERVICIOS DE ENERGÍA DEL PACIFICO MUNICIPIO DE SANTA BARBARA ISCUANDE","2023","1"
"2023-02-01T00:00:00.000","2023-02-28T00:00:00.000","52","696","1","1361.1903","96.6742","128.7837","38134","EMPRESA ASOCIATIVA DE TRABAJO PARA LA PRESTACIÓN DE SERVICIOS DE ENERGÍA DEL PACIFICO MUNICIPIO DE SANTA BARBARA ISCUANDE","2023","2"
"2023-02-01T00:00:00.000","2023-02-28T00:00:00.000","52","696","1","1202.0","99.72","123.67","22594","ASOCIACIÓN DE USUARIOS DEL SERVICIO DE ENERGÍA ELÉCTRICA DE LA ZONA RURAL DE SANTA BARBARA DE ISCUANDE","2023","2"
"2023-02-01T00:00:00.000","2023-02-28T00:00:00.000","52","696","1","1245.63","117.48","120.65","25965","EMPRESA ASOCIATIVA DE TRABAJO ELECTROSOLEDAD DE ISCUANDE","2023","2"
"2023-02-01T00:00:00.000","2023-02-28T00:00:00.000","52","696","1","1726.937","183.1088","181.5973","31373","EMPRESA ASOCIATIVA DE TRABAJO PARA LA PRESTACION DE SERVICIOS PUBLICOS DE ENERGIA ACUEDUCTO ALCANTARILLADO Y ASEO DEL MUNICIPIO DE SANTA BARBARA ISCUA","2023","2"
"2023-03-01T00:00:00.000","2023-03-31T00:00:00.000","52","696","1","1248.78","117.15","122.85","25965","EMPRESA ASOCIATIVA DE TRABAJO ELECTROSOLEDAD DE ISCUANDE","2023","3"
"2023-03-01T00:00:00.000","2023-03-31T00:00:00.000","52","696","1","1366.0678","97.5735","130.9222","38134","EMPRESA ASOCIATIVA DE TRABAJO PARA LA PRESTACIÓN DE SERVICIOS DE ENERGÍA DEL PACIFICO MUNICIPIO DE SANTA BARBARA ISCUANDE","2023","3"
"2023-03-01T00:00:00.000","2023-03-31T00:00:00.000","52","696","1","1203.12","99.93","125.23","22594","ASOCIACIÓN DE USUARIOS DEL SERVICIO DE ENERGÍA ELÉCTRICA DE LA ZONA RURAL DE SANTA BARBARA DE ISCUANDE","2023","3"
"2023-03-01T00:00:00.000","2023-03-31T00:00:00.000","52","696","1","1739.7097","185.2347","184.6128","31373","EMPRESA ASOCIATIVA DE TRABAJO PARA LA PRESTACION DE SERVICIOS PUBLICOS DE ENERGIA ACUEDUCTO ALCANTARILLADO Y ASEO DEL MUNICIPIO DE SANTA BARBARA ISCUA","2023","3"
"2023-04-01T00:00:00.000","2023-04-30T00:00:00.000","52","696","1","1862.9036","185.2041","186.5536","31373","EMPRESA ASOCIATIVA DE TRABAJO PARA LA PRESTACION DE SERVICIOS PUBLICOS DE ENERGIA ACUEDUCTO ALCANTARILLADO Y ASEO DEL MUNICIPIO DE SANTA BARBARA ISCUA","2023","4"
"2023-04-01T00:00:00.000","2023-04-30T00:00:00.000","52","696","1","1247.24","116.09","124.14","25965","EMPRESA ASOCIATIVA DE TRABAJO ELECTROSOLEDAD DE ISCUANDE","2023","4"
"2023-04-01T00:00:00.000","2023-04-30T00:00:00.000","52","696","1","1210.07","101.26","126.55","22594","ASOCIACIÓN DE USUARIOS DEL SERVICIO DE ENERGÍA ELÉCTRICA DE LA ZONA RURAL DE SANTA BARBARA DE ISCUANDE","2023","4"
"2023-04-01T00:00:00.000","2023-04-30T00:00:00.000","52","696","1","1395.3814","97.705","132.2977","38134","EMPRESA ASOCIATIVA DE TRABAJO PARA LA PRESTACIÓN DE SERVICIOS DE ENERGÍA DEL PACIFICO MUNICIPIO DE SANTA BARBARA ISCUANDE","2023","4"
"2023-05-01T00:00:00.000","2023-05-31T00:00:00.000","52","696","1","1406.4385","96.676","133.3318","38134","EMPRESA ASOCIATIVA DE TRABAJO PARA LA PRESTACIÓN DE SERVICIOS DE ENERGÍA DEL PACIFICO MUNICIPIO DE SANTA BARBARA ISCUANDE","2023","5"
"2023-05-01T00:00:00.000","2023-05-31T00:00:00.000","52","696","1","1870.705","183.2211","188.0119","31373","EMPRESA ASOCIATIVA DE TRABAJO PARA LA PRESTACION DE SERVICIOS PUBLICOS DE ENERGIA ACUEDUCTO ALCANTARILLADO Y ASEO DEL MUNICIPIO DE SANTA BARBARA ISCUA","2023","5"
"2023-05-01T00:00:00.000","2023-05-31T00:00:00.000","52","696","1","1228.82","102.0","127.54","22594","ASOCIACIÓN DE USUARIOS DEL SERVICIO DE ENERGÍA ELÉCTRICA DE LA ZONA RURAL DE SANTA BARBARA DE ISCUANDE","2023","5"
"2023-05-01T00:00:00.000","2023-05-31T00:00:00.000","52","696","1","1258.5","114.57","125.11","25965","EMPRESA ASOCIATIVA DE TRABAJO ELECTROSOLEDAD DE ISCUANDE","2023","5"
"2023-06-01T00:00:00.000","2023-06-30T00:00:00.000","52","696","1","1263.65","112.51","125.66","25965","EMPRESA ASOCIATIVA DE TRABAJO ELECTROSOLEDAD DE ISCUANDE","2023","6"
"2023-06-01T00:00:00.000","2023-06-30T00:00:00.000","52","696","1","1415.5744","96.0135","133.9141","38134","EMPRESA ASOCIATIVA DE TRABAJO PARA LA PRESTACIÓN DE SERVICIOS DE ENERGÍA DEL PACIFICO MUNICIPIO DE SANTA BARBARA ISCUANDE","2023","6"
"2023-06-01T00:00:00.000","2023-06-30T00:00:00.000","52","696","1","1873.4953","181.6267","188.833","31373","EMPRESA ASOCIATIVA DE TRABAJO PARA LA PRESTACION DE SERVICIOS PUBLICOS DE ENERGIA ACUEDUCTO ALCANTARILLADO Y ASEO DEL MUNICIPIO DE SANTA BARBARA ISCUA","2023","6"
"2023-06-01T00:00:00.000","2023-06-30T00:00:00.000","52","696","1","1230.46","98.68","128.09","22594","ASOCIACIÓN DE USUARIOS DEL SERVICIO DE ENERGÍA ELÉCTRICA DE LA ZONA RURAL DE SANTA BARBARA DE ISCUANDE","2023","6"
"2023-01-01T00:00:00.000","2023-01-31T00:00:00.000","52","835","1","1269.9203","179.7358","127.0445","3027","EMPRESA ASOCIATIVA DE TRABAJO ELECTRIFICADORA  DE  SAN JUAN DE LA COSTA E.S.P.","2023","1"
"2023-01-01T00:00:00.000","2023-01-31T00:00:00.000","52","835","1","1443.83","182.97","142.28","63754","ELECTRIFICADORA RURAL Y ACUEDUCTO DEL PACIFICO SUR S.A.S.ZOMACESP","2023","1"
"2023-01-01T00:00:00.000","2023-01-31T00:00:00.000","52","835","1","1452.27","145.23","36.48","3173","E.A.T. DE PRESTACION DE SERVICIOS PUBLICOS DE LA LOCALIDAD DEL CHAJAL MUNINIPIO DE TUMACO","2023","1"
"2023-01-01T00:00:00.000","2023-01-31T00:00:00.000","52","835","1","1620.0763","179.7358","102.1891","26040","EMPRESA ASOCIATIVA DE TRABAJO DE PRESTACION DE SERVICIOS PUBLICOS DE BOCAS DE CURAY E.S.P.","2023","1"
"2023-02-01T00:00:00.000","2023-02-28T00:00:00.000","52","835","1","1419.1342","183.1088","104.0054","26040","EMPRESA ASOCIATIVA DE TRABAJO DE PRESTACION DE SERVICIOS PUBLICOS DE BOCAS DE CURAY E.S.P.","2023","2"
"2023-02-01T00:00:00.000","2023-02-28T00:00:00.000","52","835","1","1439.08","186.4","144.81","63754","ELECTRIFICADORA RURAL Y ACUEDUCTO DEL PACIFICO SUR S.A.S.ZOMACESP","2023","2"
"2023-02-01T00:00:00.000","2023-02-28T00:00:00.000","52","835","1","1452.27","145.23","57.56","3173","E.A.T. DE PRESTACION DE SERVICIOS PUBLICOS DE LA LOCALIDAD DEL CHAJAL MUNINIPIO DE TUMACO","2023","2"
"2023-02-01T00:00:00.000","2023-02-28T00:00:00.000","52","835","1","1366.9457","183.1088","129.3026","3027","EMPRESA ASOCIATIVA DE TRABAJO ELECTRIFICADORA  DE  SAN JUAN DE LA COSTA E.S.P.","2023","2"
"2023-03-01T00:00:00.000","2023-03-31T00:00:00.000","52","835","1","1452.18","145.23","35.63","3173","E.A.T. DE PRESTACION DE SERVICIOS PUBLICOS DE LA LOCALIDAD DEL CHAJAL MUNINIPIO DE TUMACO","2023","3"
"2023-03-01T00:00:00.000","2023-03-31T00:00:00.000","52","835","1","1444.82","188.56","147.21","63754","ELECTRIFICADORA RURAL Y ACUEDUCTO DEL PACIFICO SUR S.A.S.ZOMACESP","2023","3"
"2023-03-01T00:00:00.000","2023-03-31T00:00:00.000","52","835","1","1315.6158","185.2347","105.7324","26040","EMPRESA ASOCIATIVA DE TRABAJO DE PRESTACION DE SERVICIOS PUBLICOS DE BOCAS DE CURAY E.S.P.","2023","3"
"2023-03-01T00:00:00.000","2023-03-31T00:00:00.000","52","835","1","1261.4506","185.2347","131.4497","3027","EMPRESA ASOCIATIVA DE TRABAJO ELECTRIFICADORA  DE  SAN JUAN DE LA COSTA E.S.P.","2023","3"
"2023-04-01T00:00:00.000","2023-04-30T00:00:00.000","52","835","1","1391.02","145.23","133.75","3173","E.A.T. DE PRESTACION DE SERVICIOS PUBLICOS DE LA LOCALIDAD DEL CHAJAL MUNINIPIO DE TUMACO","2023","4"
"2023-04-01T00:00:00.000","2023-04-30T00:00:00.000","52","835","1","1442.14","188.53","148.76","63754","ELECTRIFICADORA RURAL Y ACUEDUCTO DEL PACIFICO SUR S.A.S.ZOMACESP","2023","4"
"2023-04-01T00:00:00.000","2023-04-30T00:00:00.000","52","835","1","1243.3265","185.2041","132.8307","3027","EMPRESA ASOCIATIVA DE TRABAJO ELECTRIFICADORA  DE  SAN JUAN DE LA COSTA E.S.P.","2023","4"
"2023-04-01T00:00:00.000","2023-04-30T00:00:00.000","52","835","1","1306.3676","185.2041","106.8433","26040","EMPRESA ASOCIATIVA DE TRABAJO DE PRESTACION DE SERVICIOS PUBLICOS DE BOCAS DE CURAY E.S.P.","2023","4"
"2023-05-01T00:00:00.000","2023-05-31T00:00:00.000","52","835","1","1243.2215","183.2211","133.869","3027","EMPRESA ASOCIATIVA DE TRABAJO ELECTRIFICADORA  DE  SAN JUAN DE LA COSTA E.S.P.","2023","5"
"2023-05-01T00:00:00.000","2023-05-31T00:00:00.000","52","835","1","1319.9293","183.2211","107.6784","26040","EMPRESA ASOCIATIVA DE TRABAJO DE PRESTACION DE SERVICIOS PUBLICOS DE BOCAS DE CURAY E.S.P.","2023","5"
"2023-05-01T00:00:00.000","2023-05-31T00:00:00.000","52","835","1","1438.82","186.51","149.92","63754","ELECTRIFICADORA RURAL Y ACUEDUCTO DEL PACIFICO SUR S.A.S.ZOMACESP","2023","5"
"2023-05-01T00:00:00.000","2023-05-31T00:00:00.000","52","835","1","1391.02","145.23","133.75","3173","E.A.T. DE PRESTACION DE SERVICIOS PUBLICOS DE LA LOCALIDAD DEL CHAJAL MUNINIPIO DE TUMACO","2023","5"
"2023-06-01T00:00:00.000","2023-06-30T00:00:00.000","52","835","1","1102.61","147.1","421.78","3173","E.A.T. DE PRESTACION DE SERVICIOS PUBLICOS DE LA LOCALIDAD DEL CHAJAL MUNINIPIO DE TUMACO","2023","6"
"2023-06-01T00:00:00.000","2023-06-30T00:00:00.000","52","835","1","1457.47","184.65","150.58","63754","ELECTRIFICADORA RURAL Y ACUEDUCTO DEL PACIFICO SUR S.A.S.ZOMACESP","2023","6"
"2023-06-01T00:00:00.000","2023-06-30T00:00:00.000","52","835","1","1250.8075","181.6267","134.4537","3027","EMPRESA ASOCIATIVA DE TRABAJO ELECTRIFICADORA  DE  SAN JUAN DE LA COSTA E.S.P.","2023","6"
"2023-06-01T00:00:00.000","2023-06-30T00:00:00.000","52","835","1","1329.6306","181.6267","108.1487","26040","EMPRESA ASOCIATIVA DE TRABAJO DE PRESTACION DE SERVICIOS PUBLICOS DE BOCAS DE CURAY E.S.P.","2023","6"
"2023-01-01T00:00:00.000","2023-01-31T00:00:00.000","76","109","1","1499.93","196.15","135.17","37833","ELECTRIFICADORA DE NARIÑO SUR E.A.T.","2023","1"
"2023-01-01T00:00:00.000","2023-01-31T00:00:00.000","76","109","1","1402.04","146.29","74.26","20432","ELECTRIFICADORA DEL PACIFICO S.A. E.S.P.","2023","1"
"2023-01-01T00:00:00.000","2023-01-31T00:00:00.000","76","109","1","1716.2507","179.7358","132.3152","44997","ELECTRIFICADORA ENTRE RIOS S.A.S","2023","1"
"2023-01-01T00:00:00.000","2023-01-31T00:00:00.000","76","109","1","1315.228","179.7358","127.5134","34833","EMPRESA ASOCIATIVA DE TRABAJO ELECTRIFICADORA DEL PACIFICO SUR","2023","1"
"2023-01-01T00:00:00.000","2023-01-31T00:00:00.000","76","109","1","1248.35","208.56","91.51","41836","EMPRESA DE SERVICIOS PUBLICOS ENERGIZAR DEL PACIFICO S.A. E.S.P.","2023","1"
"2023-02-01T00:00:00.000","2023-02-28T00:00:00.000","76","109","1","1229.9","208.96","92.41","41836","EMPRESA DE SERVICIOS PUBLICOS ENERGIZAR DEL PACIFICO S.A. E.S.P.","2023","2"
"2023-02-01T00:00:00.000","2023-02-28T00:00:00.000","76","109","1","1482.68","196.39","138.1","37833","ELECTRIFICADORA DE NARIÑO SUR E.A.T.","2023","2"
"2023-02-01T00:00:00.000","2023-02-28T00:00:00.000","76","109","1","1309.4173","183.1088","129.7797","34833","EMPRESA ASOCIATIVA DE TRABAJO ELECTRIFICADORA DEL PACIFICO SUR","2023","2"
"2023-02-01T00:00:00.000","2023-02-28T00:00:00.000","76","109","1","1393.46","146.67","75.56","20432","ELECTRIFICADORA DEL PACIFICO S.A. E.S.P.","2023","2"
"2023-02-01T00:00:00.000","2023-02-28T00:00:00.000","76","109","1","1716.7936","183.1088","134.6669","44997","ELECTRIFICADORA ENTRE RIOS S.A.S","2023","2"
"2023-03-01T00:00:00.000","2023-03-31T00:00:00.000","76","109","1","1234.89","211.45","94.68","41836","EMPRESA DE SERVICIOS PUBLICOS ENERGIZAR DEL PACIFICO S.A. E.S.P.","2023","3"
"2023-03-01T00:00:00.000","2023-03-31T00:00:00.000","76","109","1","1491.51","198.93","139.85","37833","ELECTRIFICADORA DE NARIÑO SUR E.A.T.","2023","3"
"2023-03-01T00:00:00.000","2023-03-31T00:00:00.000","76","109","1","1314.6656","185.2347","131.9348","34833","EMPRESA ASOCIATIVA DE TRABAJO ELECTRIFICADORA DEL PACIFICO SUR","2023","3"
"2023-03-01T00:00:00.000","2023-03-31T00:00:00.000","76","109","1","1726.6585","185.2347","136.9032","44997","ELECTRIFICADORA ENTRE RIOS S.A.S","2023","3"
"2023-03-01T00:00:00.000","2023-03-31T00:00:00.000","76","109","1","1373.46","146.67","75.56","20432","ELECTRIFICADORA DEL PACIFICO S.A. E.S.P.","2023","3"
"2023-04-01T00:00:00.000","2023-04-30T00:00:00.000","76","109","1","1233.23","209.2","95.68","41836","EMPRESA DE SERVICIOS PUBLICOS ENERGIZAR DEL PACIFICO S.A. E.S.P.","2023","4"
"2023-04-01T00:00:00.000","2023-04-30T00:00:00.000","76","109","1","1175.19","130.4","74.04","20432","ELECTRIFICADORA DEL PACIFICO S.A. E.S.P.","2023","4"
"2023-04-01T00:00:00.000","2023-04-30T00:00:00.000","76","109","1","1725.2193","185.2041","138.3415","44997","ELECTRIFICADORA ENTRE RIOS S.A.S","2023","4"
"2023-04-01T00:00:00.000","2023-04-30T00:00:00.000","76","109","1","1466.67","191.64","141.32","37833","ELECTRIFICADORA DE NARIÑO SUR E.A.T.","2023","4"
"2023-04-01T00:00:00.000","2023-04-30T00:00:00.000","76","109","1","1302.2577","185.2041","133.3209","34833","EMPRESA ASOCIATIVA DE TRABAJO ELECTRIFICADORA DEL PACIFICO SUR","2023","4"
"2023-05-01T00:00:00.000","2023-05-31T00:00:00.000","76","109","1","1464.0","148.49","89.76","20432","ELECTRIFICADORA DEL PACIFICO S.A. E.S.P.","2023","5"
"2023-05-01T00:00:00.000","2023-05-31T00:00:00.000","76","109","1","1470.2","188.31","142.23","37833","ELECTRIFICADORA DE NARIÑO SUR E.A.T.","2023","5"
"2023-05-01T00:00:00.000","2023-05-31T00:00:00.000","76","109","1","1733.9066","183.2211","139.4228","44997","ELECTRIFICADORA ENTRE RIOS S.A.S","2023","5"
"2023-05-01T00:00:00.000","2023-05-31T00:00:00.000","76","109","1","1238.36","205.99","96.42","41836","EMPRESA DE SERVICIOS PUBLICOS ENERGIZAR DEL PACIFICO S.A. E.S.P.","2023","5"
"2023-05-01T00:00:00.000","2023-05-31T00:00:00.000","76","109","1","1312.9592","183.2211","134.3631","34833","EMPRESA ASOCIATIVA DE TRABAJO ELECTRIFICADORA DEL PACIFICO SUR","2023","5"
"2023-06-01T00:00:00.000","2023-06-30T00:00:00.000","76","109","1","1471.86","147.27","90.16","20432","ELECTRIFICADORA DEL PACIFICO S.A. E.S.P.","2023","6"
"2023-06-01T00:00:00.000","2023-06-30T00:00:00.000","76","109","1","1740.9697","181.6267","140.0318","44997","ELECTRIFICADORA ENTRE RIOS S.A.S","2023","6"
"2023-06-01T00:00:00.000","2023-06-30T00:00:00.000","76","109","1","1473.23","185.39","143.05","37833","ELECTRIFICADORA DE NARIÑO SUR E.A.T.","2023","6"
"2023-06-01T00:00:00.000","2023-06-30T00:00:00.000","76","109","1","1309.5872","181.6267","134.9499","34833","EMPRESA ASOCIATIVA DE TRABAJO ELECTRIFICADORA DEL PACIFICO SUR","2023","6"
"2023-06-01T00:00:00.000","2023-06-30T00:00:00.000","76","109","1","1238.62","201.5","96.85","41836","EMPRESA DE SERVICIOS PUBLICOS ENERGIZAR DEL PACIFICO S.A. E.S.P.","2023","6"
"2023-01-01T00:00:00.000","2023-01-31T00:00:00.000","86","571","1","1105.54","25.85","84.5","27271","EMPRESA DE ACUEDUCTO  ALCANTARILLADO  ASEO Y ENERGIA (ZNI) DE PUERTO GUZMAN S.A ESP","2023","1"
"2023-02-01T00:00:00.000","2023-02-28T00:00:00.000","86","571","1","1096.89","26.33","86.0","27271","EMPRESA DE ACUEDUCTO  ALCANTARILLADO  ASEO Y ENERGIA (ZNI) DE PUERTO GUZMAN S.A ESP","2023","2"
"2023-03-01T00:00:00.000","2023-03-31T00:00:00.000","86","571","1","1100.12","26.67","87.43","27271","EMPRESA DE ACUEDUCTO  ALCANTARILLADO  ASEO Y ENERGIA (ZNI) DE PUERTO GUZMAN S.A ESP","2023","3"
"2023-04-01T00:00:00.000","2023-04-30T00:00:00.000","86","571","1","1102.29","26.63","88.35","27271","EMPRESA DE ACUEDUCTO  ALCANTARILLADO  ASEO Y ENERGIA (ZNI) DE PUERTO GUZMAN S.A ESP","2023","4"
"2023-05-01T00:00:00.000","2023-05-31T00:00:00.000","86","571","1","1103.82","26.35","89.04","27271","EMPRESA DE ACUEDUCTO  ALCANTARILLADO  ASEO Y ENERGIA (ZNI) DE PUERTO GUZMAN S.A ESP","2023","5"
"2023-06-01T00:00:00.000","2023-06-30T00:00:00.000","86","571","1","1123.5","26.09","89.43","27271","EMPRESA DE ACUEDUCTO  ALCANTARILLADO  ASEO Y ENERGIA (ZNI) DE PUERTO GUZMAN S.A ESP","2023","6"
"2023-01-01T00:00:00.000","2023-01-31T00:00:00.000","86","573","1","0.0","0.0","0.0","520","CENTRALES ELECTRICAS DE NARIÑO S.A. E.S.P.","2023","1"
"2023-01-01T00:00:00.000","2023-01-31T00:00:00.000","86","573","1","899.99","154.52","39.03","1759","EMPRESA  DE SERVICIOS PUBLICOS DOMICILIARIOS DE PUERTO LEGUIZAMO","2023","1"
"2023-02-01T00:00:00.000","2023-02-28T00:00:00.000","86","573","1","1052.06","155.7","39.72","1759","EMPRESA  DE SERVICIOS PUBLICOS DOMICILIARIOS DE PUERTO LEGUIZAMO","2023","2"
"2023-02-01T00:00:00.000","2023-02-28T00:00:00.000","86","573","1","0.0","0.0","0.0","520","CENTRALES ELECTRICAS DE NARIÑO S.A. E.S.P.","2023","2"
"2023-03-01T00:00:00.000","2023-03-31T00:00:00.000","86","573","1","0.0","0.0","0.0","520","CENTRALES ELECTRICAS DE NARIÑO S.A. E.S.P.","2023","3"
"2023-03-01T00:00:00.000","2023-03-31T00:00:00.000","86","573","1","1019.63","156.68","40.38","1759","EMPRESA  DE SERVICIOS PUBLICOS DOMICILIARIOS DE PUERTO LEGUIZAMO","2023","3"
"2023-04-01T00:00:00.000","2023-04-30T00:00:00.000","86","573","1","0.0","0.0","0.0","520","CENTRALES ELECTRICAS DE NARIÑO S.A. E.S.P.","2023","4"
"2023-04-01T00:00:00.000","2023-04-30T00:00:00.000","86","573","1","958.64","154.97","40.8","1759","EMPRESA  DE SERVICIOS PUBLICOS DOMICILIARIOS DE PUERTO LEGUIZAMO","2023","4"
"2023-05-01T00:00:00.000","2023-05-31T00:00:00.000","86","573","1","1028.82","152.6","41.12","1759","EMPRESA  DE SERVICIOS PUBLICOS DOMICILIARIOS DE PUERTO LEGUIZAMO","2023","5"
"2023-05-01T00:00:00.000","2023-05-31T00:00:00.000","86","573","1","0.0","0.0","0.0","520","CENTRALES ELECTRICAS DE NARIÑO S.A. E.S.P.","2023","5"
"2023-06-01T00:00:00.000","2023-06-30T00:00:00.000","86","573","1","0.0","0.0","0.0","520","CENTRALES ELECTRICAS DE NARIÑO S.A. E.S.P.","2023","6"
"2023-06-01T00:00:00.000","2023-06-30T00:00:00.000","86","573","1","1001.17","149.95","41.3","1759","EMPRESA  DE SERVICIOS PUBLICOS DOMICILIARIOS DE PUERTO LEGUIZAMO","2023","6"
"2023-01-01T00:00:00.000","2023-01-31T00:00:00.000","94","1","1","1319.9","113.97","40.29","2331","EMPRESA DE ENERGIA DEL GUAINIA LA CEIBA S.A. E.S.P.","2023","1"
"2023-02-01T00:00:00.000","2023-02-28T00:00:00.000","94","1","1","1316.02","116.11","41.0","2331","EMPRESA DE ENERGIA DEL GUAINIA LA CEIBA S.A. E.S.P.","2023","2"
"2023-03-01T00:00:00.000","2023-03-31T00:00:00.000","94","1","1","1309.64","117.46","41.69","2331","EMPRESA DE ENERGIA DEL GUAINIA LA CEIBA S.A. E.S.P.","2023","3"
"2023-04-01T00:00:00.000","2023-04-30T00:00:00.000","94","1","1","1303.99","117.44","42.12","2331","EMPRESA DE ENERGIA DEL GUAINIA LA CEIBA S.A. E.S.P.","2023","4"
"2023-05-01T00:00:00.000","2023-05-31T00:00:00.000","94","1","1","1324.15","116.18","42.45","2331","EMPRESA DE ENERGIA DEL GUAINIA LA CEIBA S.A. E.S.P.","2023","5"
"2023-06-01T00:00:00.000","2023-06-30T00:00:00.000","94","1","1","1348.7","115.02","42.64","2331","EMPRESA DE ENERGIA DEL GUAINIA LA CEIBA S.A. E.S.P.","2023","6"
"2023-01-01T00:00:00.000","2023-01-31T00:00:00.000","94","343","1","1284.43","187.23","55.24","2331","EMPRESA DE ENERGIA DEL GUAINIA LA CEIBA S.A. E.S.P.","2023","1"
"2023-02-01T00:00:00.000","2023-02-28T00:00:00.000","94","343","1","1295.05","190.74","56.22","2331","EMPRESA DE ENERGIA DEL GUAINIA LA CEIBA S.A. E.S.P.","2023","2"
"2023-03-01T00:00:00.000","2023-03-31T00:00:00.000","94","343","1","1301.75","192.96","57.15","2331","EMPRESA DE ENERGIA DEL GUAINIA LA CEIBA S.A. E.S.P.","2023","3"
"2023-04-01T00:00:00.000","2023-04-30T00:00:00.000","94","343","1","1323.3","192.92","57.75","2331","EMPRESA DE ENERGIA DEL GUAINIA LA CEIBA S.A. E.S.P.","2023","4"
"2023-05-01T00:00:00.000","2023-05-31T00:00:00.000","94","343","1","1329.91","190.86","58.21","2331","EMPRESA DE ENERGIA DEL GUAINIA LA CEIBA S.A. E.S.P.","2023","5"
"2023-06-01T00:00:00.000","2023-06-30T00:00:00.000","94","343","1","1335.62","188.95","58.46","2331","EMPRESA DE ENERGIA DEL GUAINIA LA CEIBA S.A. E.S.P.","2023","6"
"2023-01-01T00:00:00.000","2023-01-31T00:00:00.000","95","200","1","1159.76","117.37","78.06","2994","MUNICIPIO DE MIRAFLORES GUAVIARE","2023","1"
"2023-02-01T00:00:00.000","2023-02-28T00:00:00.000","95","200","1","1228.39","119.57","79.45","2994","MUNICIPIO DE MIRAFLORES GUAVIARE","2023","2"
"2023-03-01T00:00:00.000","2023-03-31T00:00:00.000","95","200","1","1228.23","120.96","80.77","2994","MUNICIPIO DE MIRAFLORES GUAVIARE","2023","3"
"2023-04-01T00:00:00.000","2023-04-30T00:00:00.000","95","200","1","1305.81","120.94","81.62","2994","MUNICIPIO DE MIRAFLORES GUAVIARE","2023","4"
"2023-05-01T00:00:00.000","2023-05-31T00:00:00.000","95","200","1","1304.89","119.64","82.25","2994","MUNICIPIO DE MIRAFLORES GUAVIARE","2023","5"
"2023-06-01T00:00:00.000","2023-06-30T00:00:00.000","95","200","1","1303.21","118.45","82.61","2994","MUNICIPIO DE MIRAFLORES GUAVIARE","2023","6"
"2023-06-01T00:00:00.000","2023-06-30T00:00:00.000","97","1","1","2508.8","31.3703","2.4831","67580","CENTRALES DE ENERGIA ELECTRICA DE VAUPES S.A.S.  E.S.P.","2023","6"
"2023-01-01T00:00:00.000","2023-01-31T00:00:00.000","97","161","1","1065.99","22.22","137.24","20217","UNIDAD DE SERVICIOS PUBLICOS DOMICILIARIOS DE ACUEDUCTO  ALCANTARILLADO  ASEO Y ENERGIA ZONA NO INTERCONECTADA  EN EL MUNICIPIO DE CARURU - VAUPES","2023","1"
"2023-02-01T00:00:00.000","2023-02-28T00:00:00.000","97","161","1","1046.55","21.57","101.61","20217","UNIDAD DE SERVICIOS PUBLICOS DOMICILIARIOS DE ACUEDUCTO  ALCANTARILLADO  ASEO Y ENERGIA ZONA NO INTERCONECTADA  EN EL MUNICIPIO DE CARURU - VAUPES","2023","2"
"2023-03-01T00:00:00.000","2023-03-31T00:00:00.000","97","161","1","1028.3","21.84","103.3","20217","UNIDAD DE SERVICIOS PUBLICOS DOMICILIARIOS DE ACUEDUCTO  ALCANTARILLADO  ASEO Y ENERGIA ZONA NO INTERCONECTADA  EN EL MUNICIPIO DE CARURU - VAUPES","2023","3"
"2023-04-01T00:00:00.000","2023-04-30T00:00:00.000","97","161","1","1025.16","21.82","104.39","20217","UNIDAD DE SERVICIOS PUBLICOS DOMICILIARIOS DE ACUEDUCTO  ALCANTARILLADO  ASEO Y ENERGIA ZONA NO INTERCONECTADA  EN EL MUNICIPIO DE CARURU - VAUPES","2023","4"
"2023-05-01T00:00:00.000","2023-05-31T00:00:00.000","97","161","1","1024.16","21.58","105.2","20217","UNIDAD DE SERVICIOS PUBLICOS DOMICILIARIOS DE ACUEDUCTO  ALCANTARILLADO  ASEO Y ENERGIA ZONA NO INTERCONECTADA  EN EL MUNICIPIO DE CARURU - VAUPES","2023","5"
"2023-06-01T00:00:00.000","2023-06-30T00:00:00.000","97","161","1","1041.05","21.37","105.66","20217","UNIDAD DE SERVICIOS PUBLICOS DOMICILIARIOS DE ACUEDUCTO  ALCANTARILLADO  ASEO Y ENERGIA ZONA NO INTERCONECTADA  EN EL MUNICIPIO DE CARURU - VAUPES","2023","6"
"2023-01-01T00:00:00.000","2023-01-31T00:00:00.000","97","666","1","2025.45","22.22","108.07","20154","MUNICIPIO DE TARAIRA","2023","1"
"2023-02-01T00:00:00.000","2023-02-28T00:00:00.000","97","666","1","2032.86","21.52","111.67","20154","MUNICIPIO DE TARAIRA","2023","2"
"2023-03-01T00:00:00.000","2023-03-31T00:00:00.000","97","666","1","2037.63","21.84","113.52","20154","MUNICIPIO DE TARAIRA","2023","3"
"2023-04-01T00:00:00.000","2023-04-30T00:00:00.000","97","666","1","2049.31","21.84","114.72","20154","MUNICIPIO DE TARAIRA","2023","4"
"2023-05-01T00:00:00.000","2023-05-31T00:00:00.000","97","666","1","2059.34","21.57","115.61","20154","MUNICIPIO DE TARAIRA","2023","5"
"2023-06-01T00:00:00.000","2023-06-30T00:00:00.000","97","666","1","2082.65","21.4","116.12","20154","MUNICIPIO DE TARAIRA","2023","6"
"2023-01-01T00:00:00.000","2023-01-31T00:00:00.000","99","524","1","927.57","210.41","58.62","2170","EMPRESA SIGLO XXI EICE ESP","2023","1"
"2023-02-01T00:00:00.000","2023-02-28T00:00:00.000","99","524","1","907.36","213.5","59.66","2170","EMPRESA SIGLO XXI EICE ESP","2023","2"
"2023-03-01T00:00:00.000","2023-03-31T00:00:00.000","99","524","1","932.34","216.69","60.65","2170","EMPRESA SIGLO XXI EICE ESP","2023","3"
"2023-04-01T00:00:00.000","2023-04-30T00:00:00.000","99","524","1","934.3","216.61","61.29","2170","EMPRESA SIGLO XXI EICE ESP","2023","4"
"2023-05-01T00:00:00.000","2023-05-31T00:00:00.000","99","524","1","948.68","213.99","61.76","2170","EMPRESA SIGLO XXI EICE ESP","2023","5"
"2023-06-01T00:00:00.000","2023-06-30T00:00:00.000","99","524","1","717.34","212.24","62.03","2170","EMPRESA SIGLO XXI EICE ESP","2023","6"
"2023-01-01T00:00:00.000","2023-01-31T00:00:00.000","99","624","1","1100.72","177.97","153.15","3212","EMPRESA DE ENERGIA ELECTRICA DEL DEPARTAMENTO DEL VICHADA S.A","2023","1"
"2023-02-01T00:00:00.000","2023-02-28T00:00:00.000","99","624","1","1112.4","181.28","31.09","3212","EMPRESA DE ENERGIA ELECTRICA DEL DEPARTAMENTO DEL VICHADA S.A","2023","2"
"2023-03-01T00:00:00.000","2023-03-31T00:00:00.000","99","624","1","1098.07","180.06","150.76","3212","EMPRESA DE ENERGIA ELECTRICA DEL DEPARTAMENTO DEL VICHADA S.A","2023","3"
"2023-01-01T00:00:00.000","2023-01-31T00:00:00.000","99","773","1","1100.72","177.97","153.15","3212","EMPRESA DE ENERGIA ELECTRICA DEL DEPARTAMENTO DEL VICHADA S.A","2023","1"
"2023-02-01T00:00:00.000","2023-02-28T00:00:00.000","99","773","1","1112.4","181.28","31.09","3212","EMPRESA DE ENERGIA ELECTRICA DEL DEPARTAMENTO DEL VICHADA S.A","2023","2"
"2023-03-01T00:00:00.000","2023-03-31T00:00:00.000","99","773","1","1098.07","180.06","150.76","3212","EMPRESA DE ENERGIA ELECTRICA DEL DEPARTAMENTO DEL VICHADA S.A","2023","3"
"2023-04-01T00:00:00.000","2023-04-30T00:00:00.000","99","773","1","1221.03","182.71","29.26","3212","EMPRESA DE ENERGIA ELECTRICA DEL DEPARTAMENTO DEL VICHADA S.A","2023","4"
"2023-05-01T00:00:00.000","2023-05-31T00:00:00.000","99","773","1","1226.28","185.44","29.74","3212","EMPRESA DE ENERGIA ELECTRICA DEL DEPARTAMENTO DEL VICHADA S.A","2023","5"
"2023-06-01T00:00:00.000","2023-06-30T00:00:00.000","99","773","1","1236.89","179.88","30.06","3212","EMPRESA DE ENERGIA ELECTRICA DEL DEPARTAMENTO DEL VICHADA S.A","2023","6"
