rumbo,rumbo_deg,distancia_km,lat,lon,profundidad_m
N,0,1,9.39898,-76.18,7.0
N,0,2,9.40797,-76.18,-21.0
N,0,3,9.41695,-76.18,-26.0
N,0,4,9.42593,-76.18,-24.0
N,0,5,9.43492,-76.18,-24.0
N,0,6,9.4439,-76.18,-29.0
N,0,7,9.45288,-76.18,-31.0
N,0,8,9.46186,-76.18,-35.0
N,0,9,9.47085,-76.18,-39.0
N,0,10,9.47983,-76.18,-42.0
N,0,11,9.48881,-76.18,-44.0
N,0,12,9.4978,-76.18,-47.0
N,0,13,9.50678,-76.18,-50.0
N,0,14,9.51576,-76.18,-53.0
N,0,15,9.52475,-76.18,-57.0
N,0,16,9.53373,-76.18,-59.0
N,0,17,9.54271,-76.18,-60.0
N,0,18,9.5517,-76.18,-61.0
N,0,19,9.56068,-76.18,-62.0
N,0,20,9.56966,-76.18,-64.0
N,0,21,9.57865,-76.18,-67.0
N,0,22,9.58763,-76.18,-71.0
N,0,23,9.59661,-76.18,-73.0
N,0,24,9.60559,-76.18,-75.0
N,0,25,9.61458,-76.18,-78.0
NNE,22.5,1,9.3983,-76.17652,6.0
NNE,22.5,2,9.4066,-76.17303,-24.0
NNE,22.5,3,9.4149,-76.16955,-30.0
NNE,22.5,4,9.4232,-76.16606,-24.0
NNE,22.5,5,9.4315,-76.16258,-23.0
NNE,22.5,6,9.4398,-76.15909,-27.0
NNE,22.5,7,9.4481,-76.15561,-27.0
NNE,22.5,8,9.45639,-76.15212,-27.0
NNE,22.5,9,9.46469,-76.14864,-28.0
NNE,22.5,10,9.47299,-76.14516,-31.0
NNE,22.5,11,9.48129,-76.14167,-34.0
NNE,22.5,12,9.48959,-76.13819,-35.0
NNE,22.5,13,9.49789,-76.1347,-37.0
NNE,22.5,14,9.50619,-76.13122,-39.0
NNE,22.5,15,9.51449,-76.12773,-41.0
NNE,22.5,16,9.52279,-76.12425,-42.0
NNE,22.5,17,9.53109,-76.12077,-42.0
NNE,22.5,18,9.53939,-76.11728,-43.0
NNE,22.5,19,9.54769,-76.1138,-46.0
NNE,22.5,20,9.55599,-76.11031,-48.0
NNE,22.5,21,9.56429,-76.10683,-49.0
NNE,22.5,22,9.57258,-76.10334,-53.0
NNE,22.5,23,9.58088,-76.09986,-56.0
NNE,22.5,24,9.58918,-76.09637,-59.0
NNE,22.5,25,9.59748,-76.09289,-63.0
NE,45,1,9.39635,-76.17356,4.0
NE,45,2,9.4027,-76.16712,-22.0
NE,45,3,9.40906,-76.16069,-23.0
NE,45,4,9.41541,-76.15425,-22.0
NE,45,5,9.42176,-76.14781,-21.0
NE,45,6,9.42811,-76.14137,-22.0
NE,45,7,9.43446,-76.13493,-22.0
NE,45,8,9.44082,-76.12849,-23.0
NE,45,9,9.44717,-76.12206,-22.0
NE,45,10,9.45352,-76.11562,-24.0
NE,45,11,9.45987,-76.10918,-22.0
NE,45,12,9.46622,-76.10274,-24.0
NE,45,13,9.47258,-76.0963,-24.0
NE,45,14,9.47893,-76.08986,-23.0
NE,45,15,9.48528,-76.08343,-24.0
NE,45,16,9.49163,-76.07699,-27.0
NE,45,17,9.49798,-76.07055,-28.0
NE,45,18,9.50434,-76.06411,-32.0
NE,45,19,9.51069,-76.05767,-33.0
NE,45,20,9.51704,-76.05123,-34.0
NE,45,21,9.52339,-76.0448,-35.0
NE,45,22,9.52974,-76.03836,-36.0
NE,45,23,9.5361,-76.03192,-39.0
NE,45,24,9.54245,-76.02548,-40.0
NE,45,25,9.5488,-76.01904,-40.0
ENE,67.5,1,9.39344,-76.17159,-2.0
ENE,67.5,2,9.39688,-76.16318,-19.0
ENE,67.5,3,9.40031,-76.15476,-22.0
ENE,67.5,4,9.40375,-76.14635,-18.0
ENE,67.5,5,9.40719,-76.13794,-20.0
ENE,67.5,6,9.41063,-76.12953,-18.0
ENE,67.5,7,9.41406,-76.12112,-19.0
ENE,67.5,8,9.4175,-76.1127,-18.0
ENE,67.5,9,9.42094,-76.10429,-16.0
ENE,67.5,10,9.42438,-76.09588,-16.0
ENE,67.5,11,9.42781,-76.08747,-18.0
ENE,67.5,12,9.43125,-76.07906,-16.0
ENE,67.5,13,9.43469,-76.07064,-15.0
ENE,67.5,14,9.43813,-76.06223,-16.0
ENE,67.5,15,9.44157,-76.05382,-14.0
ENE,67.5,16,9.445,-76.04541,-15.0
ENE,67.5,17,9.44844,-76.037,-16.0
ENE,67.5,18,9.45188,-76.02858,-14.0
ENE,67.5,19,9.45532,-76.02017,-14.0
ENE,67.5,20,9.45875,-76.01176,-16.0
ENE,67.5,21,9.46219,-76.00335,-13.0
ENE,67.5,22,9.46563,-75.99494,-12.0
ENE,67.5,23,9.46907,-75.98652,-10.0
ENE,67.5,24,9.4725,-75.97811,-10.0
ENE,67.5,25,9.47594,-75.9697,-4.0
E,90,1,9.39,-76.17089,-2.0
E,90,2,9.39,-76.16179,-18.0
E,90,3,9.39,-76.15268,-20.0
E,90,4,9.39,-76.14358,-20.0
E,90,5,9.39,-76.13447,-20.0
E,90,6,9.39,-76.12537,-19.0
E,90,7,9.39,-76.11626,-18.0
E,90,8,9.39,-76.10716,-18.0
E,90,9,9.39,-76.09805,-16.0
E,90,10,9.39,-76.08895,-16.0
E,90,11,9.39,-76.07984,-15.0
E,90,12,9.39,-76.07074,-12.0
E,90,13,9.39,-76.06163,-9.0
E,90,14,9.39,-76.05253,-8.0
E,90,15,9.39,-76.04342,-8.0
E,90,16,9.39,-76.03432,-8.0
E,90,17,9.39,-76.02521,-6.0
E,90,18,9.39,-76.01611,-5.0
E,90,19,9.39,-76.007,-5.0
E,90,20,9.39,-75.9979,-4.0
E,90,21,9.39,-75.98879,-3.0
E,90,22,9.39,-75.97969,-1.0
E,90,23,9.39,-75.97058,-1.0
E,90,24,9.39,-75.96148,6.0
E,90,25,9.39,-75.95237,7.0
SE,135,1,9.38365,-76.17356,2.0
SE,135,2,9.3773,-76.16712,-11.0
SE,135,3,9.37094,-76.16069,-19.0
SE,135,4,9.36459,-76.15425,-17.0
SE,135,5,9.35824,-76.14781,-13.0
SE,135,6,9.35189,-76.14137,-17.0
SE,135,7,9.34554,-76.13493,-17.0
SE,135,8,9.33918,-76.12849,-19.0
SE,135,9,9.33283,-76.12206,-16.0
SE,135,10,9.32648,-76.11562,-12.0
SE,135,11,9.32013,-76.10918,-4.0
SE,135,12,9.31378,-76.10274,-2.0
SE,135,13,9.30742,-76.0963,12.0
SE,135,14,9.30107,-76.08986,37.0
SE,135,15,9.29472,-76.08343,37.0
SE,135,16,9.28837,-76.07699,45.0
SE,135,17,9.28202,-76.07055,58.0
SE,135,18,9.27566,-76.06411,71.0
SE,135,19,9.26931,-76.05767,83.0
SE,135,20,9.26296,-76.05123,77.0
SE,135,21,9.25661,-76.0448,67.0
SE,135,22,9.25026,-76.03836,34.0
SE,135,23,9.2439,-76.03192,26.0
SE,135,24,9.23755,-76.02548,23.0
SE,135,25,9.2312,-76.01904,43.0
S,180,1,9.38102,-76.18,13.0
S,180,2,9.37203,-76.18,-5.0
S,180,3,9.36305,-76.18,-8.0
S,180,4,9.35407,-76.18,-10.0
S,180,5,9.34508,-76.18,-8.0
S,180,6,9.3361,-76.18,-14.0
S,180,7,9.32712,-76.18,-18.0
S,180,8,9.31814,-76.18,-19.0
S,180,9,9.30915,-76.18,-17.0
S,180,10,9.30017,-76.18,-16.0
S,180,11,9.29119,-76.18,-15.0
S,180,12,9.2822,-76.18,-12.0
S,180,13,9.27322,-76.18,-12.0
S,180,14,9.26424,-76.18,-11.0
S,180,15,9.25525,-76.18,-7.0
S,180,16,9.24627,-76.18,-6.0
S,180,17,9.23729,-76.18,-5.0
S,180,18,9.2283,-76.18,-3.0
S,180,19,9.21932,-76.18,-3.0
S,180,20,9.21034,-76.18,25.0
S,180,21,9.20135,-76.18,8.0
S,180,22,9.19237,-76.18,19.0
S,180,23,9.18339,-76.18,10.0
S,180,24,9.17441,-76.18,7.0
S,180,25,9.16542,-76.18,12.0
SW,225,1,9.38365,-76.18644,10.0
SW,225,2,9.3773,-76.19288,-6.0
SW,225,3,9.37094,-76.19931,-9.0
SW,225,4,9.36459,-76.20575,-7.0
SW,225,5,9.35824,-76.21219,-9.0
SW,225,6,9.35189,-76.21863,-13.0
SW,225,7,9.34554,-76.22507,-21.0
SW,225,8,9.33918,-76.23151,-29.0
SW,225,9,9.33283,-76.23794,-38.0
SW,225,10,9.32648,-76.24438,-43.0
SW,225,11,9.32013,-76.25082,-39.0
SW,225,12,9.31378,-76.25726,-33.0
SW,225,13,9.30742,-76.2637,-32.0
SW,225,14,9.30107,-76.27014,-34.0
SW,225,15,9.29472,-76.27657,-24.0
SW,225,16,9.28837,-76.28301,-24.0
SW,225,17,9.28202,-76.28945,-28.0
SW,225,18,9.27566,-76.29589,-28.0
SW,225,19,9.26931,-76.30233,-33.0
SW,225,20,9.26296,-76.30877,-36.0
SW,225,21,9.25661,-76.3152,-38.0
SW,225,22,9.25026,-76.32164,-37.0
SW,225,23,9.2439,-76.32808,-33.0
SW,225,24,9.23755,-76.33452,-31.0
SW,225,25,9.2312,-76.34096,-31.0
W,270,1,9.39,-76.18911,8.0
W,270,2,9.39,-76.19821,-7.0
W,270,3,9.39,-76.20732,-8.0
W,270,4,9.39,-76.21642,-8.0
W,270,5,9.39,-76.22553,-6.0
W,270,6,9.39,-76.23463,-8.0
W,270,7,9.39,-76.24374,-8.0
W,270,8,9.39,-76.25284,-9.0
W,270,9,9.39,-76.26195,-14.0
W,270,10,9.39,-76.27105,-22.0
W,270,11,9.39,-76.28016,-34.0
W,270,12,9.39,-76.28926,-50.0
W,270,13,9.39,-76.29837,-56.0
W,270,14,9.39,-76.30747,-54.0
W,270,15,9.39,-76.31658,-43.0
W,270,16,9.39,-76.32568,-29.0
W,270,17,9.39,-76.33479,-24.0
W,270,18,9.39,-76.34389,-27.0
W,270,19,9.39,-76.353,-54.0
W,270,20,9.39,-76.3621,-62.0
W,270,21,9.39,-76.37121,-69.0
W,270,22,9.39,-76.38031,-80.0
W,270,23,9.39,-76.38942,-95.0
W,270,24,9.39,-76.39852,-117.0
W,270,25,9.39,-76.40763,-152.0
NW,315,1,9.39635,-76.18644,-10.0
NW,315,2,9.4027,-76.19288,-15.0
NW,315,3,9.40906,-76.19931,-18.0
NW,315,4,9.41541,-76.20575,-14.0
NW,315,5,9.42176,-76.21219,-23.0
NW,315,6,9.42811,-76.21863,-40.0
NW,315,7,9.43446,-76.22507,-52.0
NW,315,8,9.44082,-76.23151,-53.0
NW,315,9,9.44717,-76.23794,-58.0
NW,315,10,9.45352,-76.24438,-60.0
NW,315,11,9.45987,-76.25082,-59.0
NW,315,12,9.46622,-76.25726,-59.0
NW,315,13,9.47258,-76.2637,-58.0
NW,315,14,9.47893,-76.27014,-57.0
NW,315,15,9.48528,-76.27657,-60.0
NW,315,16,9.49163,-76.28301,-62.0
NW,315,17,9.49798,-76.28945,-62.0
NW,315,18,9.50434,-76.29589,-65.0
NW,315,19,9.51069,-76.30233,-67.0
NW,315,20,9.51704,-76.30877,-71.0
NW,315,21,9.52339,-76.3152,-72.0
NW,315,22,9.52974,-76.32164,-74.0
NW,315,23,9.5361,-76.32808,-81.0
NW,315,24,9.54245,-76.33452,-91.0
NW,315,25,9.5488,-76.34096,-129.0
NNW,337.5,1,9.3983,-76.18348,-16.0
NNW,337.5,2,9.4066,-76.18697,-24.0
NNW,337.5,3,9.4149,-76.19045,-24.0
NNW,337.5,4,9.4232,-76.19394,-27.0
NNW,337.5,5,9.4315,-76.19742,-36.0
NNW,337.5,6,9.4398,-76.20091,-40.0
NNW,337.5,7,9.4481,-76.20439,-43.0
NNW,337.5,8,9.45639,-76.20788,-47.0
NNW,337.5,9,9.46469,-76.21136,-52.0
NNW,337.5,10,9.47299,-76.21484,-54.0
NNW,337.5,11,9.48129,-76.21833,-55.0
NNW,337.5,12,9.48959,-76.22181,-57.0
NNW,337.5,13,9.49789,-76.2253,-59.0
NNW,337.5,14,9.50619,-76.22878,-59.0
NNW,337.5,15,9.51449,-76.23227,-60.0
NNW,337.5,16,9.52279,-76.23575,-62.0
NNW,337.5,17,9.53109,-76.23923,-63.0
NNW,337.5,18,9.53939,-76.24272,-64.0
NNW,337.5,19,9.54769,-76.2462,-67.0
NNW,337.5,20,9.55599,-76.24969,-69.0
NNW,337.5,21,9.56429,-76.25317,-71.0
NNW,337.5,22,9.57258,-76.25666,-73.0
NNW,337.5,23,9.58088,-76.26014,-77.0
NNW,337.5,24,9.58918,-76.26363,-82.0
NNW,337.5,25,9.59748,-76.26711,-90.0
